date,series_id,sales
2014-04-28,CA_FOODS,9765
2014-04-28,CA_HOBBIES,1405
2014-04-28,CA_HOUSEHOLD,3331
2014-04-28,TOTAL,31508
2014-04-28,TX_FOODS,6800
2014-04-28,TX_HOBBIES,756
2014-04-28,TX_HOUSEHOLD,2247
2014-04-28,WI_FOODS,5134
2014-04-28,WI_HOBBIES,574
2014-04-28,WI_HOUSEHOLD,1496
2014-04-29,CA_FOODS,9053
2014-04-29,CA_HOBBIES,1300
2014-04-29,CA_HOUSEHOLD,3037
2014-04-29,TOTAL,29865
2014-04-29,TX_FOODS,5947
2014-04-29,TX_HOBBIES,596
2014-04-29,TX_HOUSEHOLD,1930
2014-04-29,WI_FOODS,5737
2014-04-29,WI_HOBBIES,738
2014-04-29,WI_HOUSEHOLD,1527
2014-04-30,CA_FOODS,8888
2014-04-30,CA_HOBBIES,1408
2014-04-30,CA_HOUSEHOLD,2834
2014-04-30,TOTAL,28883
2014-04-30,TX_FOODS,5475
2014-04-30,TX_HOBBIES,625
2014-04-30,TX_HOUSEHOLD,2080
2014-04-30,WI_FOODS,5106
2014-04-30,WI_HOBBIES,644
2014-04-30,WI_HOUSEHOLD,1823
2014-05-01,CA_FOODS,10736
2014-05-01,CA_HOBBIES,1473
2014-05-01,CA_HOUSEHOLD,3320
2014-05-01,TOTAL,33859
2014-05-01,TX_FOODS,6576
2014-05-01,TX_HOBBIES,698
2014-05-01,TX_HOUSEHOLD,2339
2014-05-01,WI_FOODS,5554
2014-05-01,WI_HOBBIES,773
2014-05-01,WI_HOUSEHOLD,2390
2014-05-02,CA_FOODS,11966
2014-05-02,CA_HOBBIES,1875
2014-05-02,CA_HOUSEHOLD,3685
2014-05-02,TOTAL,38951
2014-05-02,TX_FOODS,6691
2014-05-02,TX_HOBBIES,650
2014-05-02,TX_HOUSEHOLD,2444
2014-05-02,WI_FOODS,8125
2014-05-02,WI_HOBBIES,973
2014-05-02,WI_HOUSEHOLD,2542
2014-05-03,CA_FOODS,13324
2014-05-03,CA_HOBBIES,2194
2014-05-03,CA_HOUSEHOLD,4802
2014-05-03,TOTAL,46542
2014-05-03,TX_FOODS,8857
2014-05-03,TX_HOBBIES,935
2014-05-03,TX_HOUSEHOLD,2958
2014-05-03,WI_FOODS,9649
2014-05-03,WI_HOBBIES,950
2014-05-03,WI_HOUSEHOLD,2873
2014-05-04,CA_FOODS,14223
2014-05-04,CA_HOBBIES,1755
2014-05-04,CA_HOUSEHOLD,4771
2014-05-04,TOTAL,45139
2014-05-04,TX_FOODS,8631
2014-05-04,TX_HOBBIES,1020
2014-05-04,TX_HOUSEHOLD,3070
2014-05-04,WI_FOODS,8417
2014-05-04,WI_HOBBIES,952
2014-05-04,WI_HOUSEHOLD,2300
2014-05-05,CA_FOODS,11062
2014-05-05,CA_HOBBIES,1509
2014-05-05,CA_HOUSEHOLD,3573
2014-05-05,TOTAL,35820
2014-05-05,TX_FOODS,6915
2014-05-05,TX_HOBBIES,779
2014-05-05,TX_HOUSEHOLD,2499
2014-05-05,WI_FOODS,7100
2014-05-05,WI_HOBBIES,650
2014-05-05,WI_HOUSEHOLD,1733
2014-05-06,CA_FOODS,9953
2014-05-06,CA_HOBBIES,1454
2014-05-06,CA_HOUSEHOLD,3370
2014-05-06,TOTAL,33611
2014-05-06,TX_FOODS,6777
2014-05-06,TX_HOBBIES,790
2014-05-06,TX_HOUSEHOLD,2226
2014-05-06,WI_FOODS,6931
2014-05-06,WI_HOBBIES,594
2014-05-06,WI_HOUSEHOLD,1516
2014-05-07,CA_FOODS,9614
2014-05-07,CA_HOBBIES,1567
2014-05-07,CA_HOUSEHOLD,2923
2014-05-07,TOTAL,32146
2014-05-07,TX_FOODS,7125
2014-05-07,TX_HOBBIES,634
2014-05-07,TX_HOUSEHOLD,2187
2014-05-07,WI_FOODS,5889
2014-05-07,WI_HOBBIES,720
2014-05-07,WI_HOUSEHOLD,1487
2014-05-08,CA_FOODS,9697
2014-05-08,CA_HOBBIES,1635
2014-05-08,CA_HOUSEHOLD,2872
2014-05-08,TOTAL,31819
2014-05-08,TX_FOODS,5775
2014-05-08,TX_HOBBIES,615
2014-05-08,TX_HOUSEHOLD,1880
2014-05-08,WI_FOODS,7039
2014-05-08,WI_HOBBIES,707
2014-05-08,WI_HOUSEHOLD,1599
2014-05-09,CA_FOODS,10886
2014-05-09,CA_HOBBIES,1728
2014-05-09,CA_HOUSEHOLD,3214
2014-05-09,TOTAL,36363
2014-05-09,TX_FOODS,6586
2014-05-09,TX_HOBBIES,803
2014-05-09,TX_HOUSEHOLD,2239
2014-05-09,WI_FOODS,8074
2014-05-09,WI_HOBBIES,812
2014-05-09,WI_HOUSEHOLD,2021
2014-05-10,CA_FOODS,13031
2014-05-10,CA_HOBBIES,1838
2014-05-10,CA_HOUSEHOLD,3875
2014-05-10,TOTAL,42843
2014-05-10,TX_FOODS,8417
2014-05-10,TX_HOBBIES,911
2014-05-10,TX_HOUSEHOLD,2601
2014-05-10,WI_FOODS,8626
2014-05-10,WI_HOBBIES,1161
2014-05-10,WI_HOUSEHOLD,2383
2014-05-11,CA_FOODS,11515
2014-05-11,CA_HOBBIES,1738
2014-05-11,CA_HOUSEHOLD,3667
2014-05-11,TOTAL,38180
2014-05-11,TX_FOODS,8535
2014-05-11,TX_HOBBIES,906
2014-05-11,TX_HOUSEHOLD,2322
2014-05-11,WI_FOODS,7248
2014-05-11,WI_HOBBIES,717
2014-05-11,WI_HOUSEHOLD,1532
2014-05-12,CA_FOODS,11358
2014-05-12,CA_HOBBIES,1505
2014-05-12,CA_HOUSEHOLD,3420
2014-05-12,TOTAL,37922
2014-05-12,TX_FOODS,7574
2014-05-12,TX_HOBBIES,696
2014-05-12,TX_HOUSEHOLD,2192
2014-05-12,WI_FOODS,8880
2014-05-12,WI_HOBBIES,586
2014-05-12,WI_HOUSEHOLD,1711
2014-05-13,CA_FOODS,10466
2014-05-13,CA_HOBBIES,1535
2014-05-13,CA_HOUSEHOLD,2958
2014-05-13,TOTAL,33844
2014-05-13,TX_FOODS,6644
2014-05-13,TX_HOBBIES,769
2014-05-13,TX_HOUSEHOLD,1948
2014-05-13,WI_FOODS,7108
2014-05-13,WI_HOBBIES,691
2014-05-13,WI_HOUSEHOLD,1725
2014-05-14,CA_FOODS,9906
2014-05-14,CA_HOBBIES,1371
2014-05-14,CA_HOUSEHOLD,2802
2014-05-14,TOTAL,32817
2014-05-14,TX_FOODS,5702
2014-05-14,TX_HOBBIES,682
2014-05-14,TX_HOUSEHOLD,1887
2014-05-14,WI_FOODS,8172
2014-05-14,WI_HOBBIES,699
2014-05-14,WI_HOUSEHOLD,1596
2014-05-15,CA_FOODS,9576
2014-05-15,CA_HOBBIES,1477
2014-05-15,CA_HOUSEHOLD,2998
2014-05-15,TOTAL,33522
2014-05-15,TX_FOODS,6819
2014-05-15,TX_HOBBIES,776
2014-05-15,TX_HOUSEHOLD,1892
2014-05-15,WI_FOODS,7778
2014-05-15,WI_HOBBIES,585
2014-05-15,WI_HOUSEHOLD,1621
2014-05-16,CA_FOODS,10022
2014-05-16,CA_HOBBIES,1647
2014-05-16,CA_HOUSEHOLD,3547
2014-05-16,TOTAL,34589
2014-05-16,TX_FOODS,6485
2014-05-16,TX_HOBBIES,866
2014-05-16,TX_HOUSEHOLD,2238
2014-05-16,WI_FOODS,6942
2014-05-16,WI_HOBBIES,802
2014-05-16,WI_HOUSEHOLD,2040
2014-05-17,CA_FOODS,11400
2014-05-17,CA_HOBBIES,1887
2014-05-17,CA_HOUSEHOLD,4483
2014-05-17,TOTAL,40019
2014-05-17,TX_FOODS,7260
2014-05-17,TX_HOBBIES,861
2014-05-17,TX_HOUSEHOLD,2624
2014-05-17,WI_FOODS,8090
2014-05-17,WI_HOBBIES,1054
2014-05-17,WI_HOUSEHOLD,2360
2014-05-18,CA_FOODS,13131
2014-05-18,CA_HOBBIES,2017
2014-05-18,CA_HOUSEHOLD,4650
2014-05-18,TOTAL,43020
2014-05-18,TX_FOODS,8667
2014-05-18,TX_HOBBIES,983
2014-05-18,TX_HOUSEHOLD,2738
2014-05-18,WI_FOODS,8106
2014-05-18,WI_HOBBIES,784
2014-05-18,WI_HOUSEHOLD,1944
2014-05-19,CA_FOODS,10039
2014-05-19,CA_HOBBIES,1613
2014-05-19,CA_HOUSEHOLD,3404
2014-05-19,TOTAL,32314
2014-05-19,TX_FOODS,6403
2014-05-19,TX_HOBBIES,721
2014-05-19,TX_HOUSEHOLD,2133
2014-05-19,WI_FOODS,5854
2014-05-19,WI_HOBBIES,670
2014-05-19,WI_HOUSEHOLD,1477
2014-05-20,CA_FOODS,8869
2014-05-20,CA_HOBBIES,1524
2014-05-20,CA_HOUSEHOLD,3001
2014-05-20,TOTAL,29926
2014-05-20,TX_FOODS,5955
2014-05-20,TX_HOBBIES,748
2014-05-20,TX_HOUSEHOLD,2021
2014-05-20,WI_FOODS,5608
2014-05-20,WI_HOBBIES,743
2014-05-20,WI_HOUSEHOLD,1457
2014-05-21,CA_FOODS,8680
2014-05-21,CA_HOBBIES,1400
2014-05-21,CA_HOUSEHOLD,2850
2014-05-21,TOTAL,29083
2014-05-21,TX_FOODS,5747
2014-05-21,TX_HOBBIES,842
2014-05-21,TX_HOUSEHOLD,1898
2014-05-21,WI_FOODS,5614
2014-05-21,WI_HOBBIES,625
2014-05-21,WI_HOUSEHOLD,1427
2014-05-22,CA_FOODS,8906
2014-05-22,CA_HOBBIES,1644
2014-05-22,CA_HOUSEHOLD,2867
2014-05-22,TOTAL,30386
2014-05-22,TX_FOODS,6083
2014-05-22,TX_HOBBIES,718
2014-05-22,TX_HOUSEHOLD,1892
2014-05-22,WI_FOODS,6072
2014-05-22,WI_HOBBIES,625
2014-05-22,WI_HOUSEHOLD,1579
2014-05-23,CA_FOODS,9946
2014-05-23,CA_HOBBIES,1685
2014-05-23,CA_HOUSEHOLD,3193
2014-05-23,TOTAL,33425
2014-05-23,TX_FOODS,6299
2014-05-23,TX_HOBBIES,811
2014-05-23,TX_HOUSEHOLD,2141
2014-05-23,WI_FOODS,6561
2014-05-23,WI_HOBBIES,853
2014-05-23,WI_HOUSEHOLD,1936
2014-05-24,CA_FOODS,11152
2014-05-24,CA_HOBBIES,1853
2014-05-24,CA_HOUSEHOLD,3946
2014-05-24,TOTAL,38386
2014-05-24,TX_FOODS,7711
2014-05-24,TX_HOBBIES,794
2014-05-24,TX_HOUSEHOLD,2669
2014-05-24,WI_FOODS,7214
2014-05-24,WI_HOBBIES,937
2014-05-24,WI_HOUSEHOLD,2110
2014-05-25,CA_FOODS,10975
2014-05-25,CA_HOBBIES,1597
2014-05-25,CA_HOUSEHOLD,3788
2014-05-25,TOTAL,35965
2014-05-25,TX_FOODS,7723
2014-05-25,TX_HOBBIES,884
2014-05-25,TX_HOUSEHOLD,2303
2014-05-25,WI_FOODS,6255
2014-05-25,WI_HOBBIES,811
2014-05-25,WI_HOUSEHOLD,1629
2014-05-26,CA_FOODS,10883
2014-05-26,CA_HOBBIES,1460
2014-05-26,CA_HOUSEHOLD,3948
2014-05-26,TOTAL,33459
2014-05-26,TX_FOODS,6266
2014-05-26,TX_HOBBIES,814
2014-05-26,TX_HOUSEHOLD,2087
2014-05-26,WI_FOODS,5881
2014-05-26,WI_HOBBIES,571
2014-05-26,WI_HOUSEHOLD,1549
2014-05-27,CA_FOODS,9130
2014-05-27,CA_HOBBIES,1665
2014-05-27,CA_HOUSEHOLD,3210
2014-05-27,TOTAL,28912
2014-05-27,TX_FOODS,5200
2014-05-27,TX_HOBBIES,626
2014-05-27,TX_HOUSEHOLD,1826
2014-05-27,WI_FOODS,4928
2014-05-27,WI_HOBBIES,707
2014-05-27,WI_HOUSEHOLD,1620
2014-05-28,CA_FOODS,8155
2014-05-28,CA_HOBBIES,1451
2014-05-28,CA_HOUSEHOLD,2943
2014-05-28,TOTAL,28109
2014-05-28,TX_FOODS,5455
2014-05-28,TX_HOBBIES,717
2014-05-28,TX_HOUSEHOLD,1945
2014-05-28,WI_FOODS,5039
2014-05-28,WI_HOBBIES,741
2014-05-28,WI_HOUSEHOLD,1663
2014-05-29,CA_FOODS,8152
2014-05-29,CA_HOBBIES,1293
2014-05-29,CA_HOUSEHOLD,2831
2014-05-29,TOTAL,27689
2014-05-29,TX_FOODS,5355
2014-05-29,TX_HOBBIES,687
2014-05-29,TX_HOUSEHOLD,2022
2014-05-29,WI_FOODS,5064
2014-05-29,WI_HOBBIES,734
2014-05-29,WI_HOUSEHOLD,1551
2014-05-30,CA_FOODS,9377
2014-05-30,CA_HOBBIES,1600
2014-05-30,CA_HOUSEHOLD,3332
2014-05-30,TOTAL,33740
2014-05-30,TX_FOODS,6336
2014-05-30,TX_HOBBIES,1014
2014-05-30,TX_HOUSEHOLD,2466
2014-05-30,WI_FOODS,6265
2014-05-30,WI_HOBBIES,1019
2014-05-30,WI_HOUSEHOLD,2331
2014-05-31,CA_FOODS,12058
2014-05-31,CA_HOBBIES,1877
2014-05-31,CA_HOUSEHOLD,4269
2014-05-31,TOTAL,40692
2014-05-31,TX_FOODS,7311
2014-05-31,TX_HOBBIES,921
2014-05-31,TX_HOUSEHOLD,2988
2014-05-31,WI_FOODS,7644
2014-05-31,WI_HOBBIES,1034
2014-05-31,WI_HOUSEHOLD,2590
2014-06-01,CA_FOODS,13612
2014-06-01,CA_HOBBIES,2130
2014-06-01,CA_HOUSEHOLD,4730
2014-06-01,TOTAL,44602
2014-06-01,TX_FOODS,9143
2014-06-01,TX_HOBBIES,1106
2014-06-01,TX_HOUSEHOLD,2966
2014-06-01,WI_FOODS,7502
2014-06-01,WI_HOBBIES,892
2014-06-01,WI_HOUSEHOLD,2521
2014-06-02,CA_FOODS,11149
2014-06-02,CA_HOBBIES,1712
2014-06-02,CA_HOUSEHOLD,3756
2014-06-02,TOTAL,37312
2014-06-02,TX_FOODS,6889
2014-06-02,TX_HOBBIES,783
2014-06-02,TX_HOUSEHOLD,2350
2014-06-02,WI_FOODS,7892
2014-06-02,WI_HOBBIES,704
2014-06-02,WI_HOUSEHOLD,2077
2014-06-03,CA_FOODS,10572
2014-06-03,CA_HOBBIES,1835
2014-06-03,CA_HOUSEHOLD,3370
2014-06-03,TOTAL,38357
2014-06-03,TX_FOODS,7187
2014-06-03,TX_HOBBIES,718
2014-06-03,TX_HOUSEHOLD,2414
2014-06-03,WI_FOODS,9021
2014-06-03,WI_HOBBIES,971
2014-06-03,WI_HOUSEHOLD,2269
2014-06-04,CA_FOODS,10201
2014-06-04,CA_HOBBIES,1532
2014-06-04,CA_HOUSEHOLD,3090
2014-06-04,TOTAL,32899
2014-06-04,TX_FOODS,6147
2014-06-04,TX_HOBBIES,827
2014-06-04,TX_HOUSEHOLD,2064
2014-06-04,WI_FOODS,6326
2014-06-04,WI_HOBBIES,749
2014-06-04,WI_HOUSEHOLD,1963
2014-06-05,CA_FOODS,10351
2014-06-05,CA_HOBBIES,1592
2014-06-05,CA_HOUSEHOLD,3129
2014-06-05,TOTAL,35655
2014-06-05,TX_FOODS,7422
2014-06-05,TX_HOBBIES,788
2014-06-05,TX_HOUSEHOLD,2389
2014-06-05,WI_FOODS,7462
2014-06-05,WI_HOBBIES,691
2014-06-05,WI_HOUSEHOLD,1831
2014-06-06,CA_FOODS,10804
2014-06-06,CA_HOBBIES,1644
2014-06-06,CA_HOUSEHOLD,3377
2014-06-06,TOTAL,37457
2014-06-06,TX_FOODS,7354
2014-06-06,TX_HOBBIES,774
2014-06-06,TX_HOUSEHOLD,2176
2014-06-06,WI_FOODS,8388
2014-06-06,WI_HOBBIES,796
2014-06-06,WI_HOUSEHOLD,2144
2014-06-07,CA_FOODS,13019
2014-06-07,CA_HOBBIES,1879
2014-06-07,CA_HOUSEHOLD,4248
2014-06-07,TOTAL,44347
2014-06-07,TX_FOODS,9650
2014-06-07,TX_HOBBIES,891
2014-06-07,TX_HOUSEHOLD,3021
2014-06-07,WI_FOODS,8257
2014-06-07,WI_HOBBIES,989
2014-06-07,WI_HOUSEHOLD,2393
2014-06-08,CA_FOODS,13762
2014-06-08,CA_HOBBIES,1835
2014-06-08,CA_HOUSEHOLD,4349
2014-06-08,TOTAL,45279
2014-06-08,TX_FOODS,9163
2014-06-08,TX_HOBBIES,933
2014-06-08,TX_HOUSEHOLD,2752
2014-06-08,WI_FOODS,9441
2014-06-08,WI_HOBBIES,873
2014-06-08,WI_HOUSEHOLD,2171
2014-06-09,CA_FOODS,12393
2014-06-09,CA_HOBBIES,1407
2014-06-09,CA_HOUSEHOLD,3506
2014-06-09,TOTAL,38256
2014-06-09,TX_FOODS,7186
2014-06-09,TX_HOBBIES,682
2014-06-09,TX_HOUSEHOLD,2214
2014-06-09,WI_FOODS,8527
2014-06-09,WI_HOBBIES,709
2014-06-09,WI_HOUSEHOLD,1632
2014-06-10,CA_FOODS,10416
2014-06-10,CA_HOBBIES,1417
2014-06-10,CA_HOUSEHOLD,3355
2014-06-10,TOTAL,33658
2014-06-10,TX_FOODS,6216
2014-06-10,TX_HOBBIES,862
2014-06-10,TX_HOUSEHOLD,2143
2014-06-10,WI_FOODS,6970
2014-06-10,WI_HOBBIES,705
2014-06-10,WI_HOUSEHOLD,1574
2014-06-11,CA_FOODS,10254
2014-06-11,CA_HOBBIES,1564
2014-06-11,CA_HOUSEHOLD,2978
2014-06-11,TOTAL,34644
2014-06-11,TX_FOODS,7440
2014-06-11,TX_HOBBIES,664
2014-06-11,TX_HOUSEHOLD,2069
2014-06-11,WI_FOODS,7566
2014-06-11,WI_HOBBIES,668
2014-06-11,WI_HOUSEHOLD,1441
2014-06-12,CA_FOODS,9880
2014-06-12,CA_HOBBIES,1542
2014-06-12,CA_HOUSEHOLD,3039
2014-06-12,TOTAL,35077
2014-06-12,TX_FOODS,7247
2014-06-12,TX_HOBBIES,754
2014-06-12,TX_HOUSEHOLD,1956
2014-06-12,WI_FOODS,8259
2014-06-12,WI_HOBBIES,861
2014-06-12,WI_HOUSEHOLD,1539
2014-06-13,CA_FOODS,11119
2014-06-13,CA_HOBBIES,1763
2014-06-13,CA_HOUSEHOLD,3426
2014-06-13,TOTAL,38356
2014-06-13,TX_FOODS,8478
2014-06-13,TX_HOBBIES,856
2014-06-13,TX_HOUSEHOLD,2275
2014-06-13,WI_FOODS,7508
2014-06-13,WI_HOBBIES,921
2014-06-13,WI_HOUSEHOLD,2010
2014-06-14,CA_FOODS,13512
2014-06-14,CA_HOBBIES,2033
2014-06-14,CA_HOUSEHOLD,4019
2014-06-14,TOTAL,44984
2014-06-14,TX_FOODS,9288
2014-06-14,TX_HOBBIES,972
2014-06-14,TX_HOUSEHOLD,2729
2014-06-14,WI_FOODS,9269
2014-06-14,WI_HOBBIES,945
2014-06-14,WI_HOUSEHOLD,2217
2014-06-15,CA_FOODS,12094
2014-06-15,CA_HOBBIES,1608
2014-06-15,CA_HOUSEHOLD,3795
2014-06-15,TOTAL,42494
2014-06-15,TX_FOODS,9385
2014-06-15,TX_HOBBIES,1021
2014-06-15,TX_HOUSEHOLD,2502
2014-06-15,WI_FOODS,9632
2014-06-15,WI_HOBBIES,647
2014-06-15,WI_HOUSEHOLD,1810
2014-06-16,CA_FOODS,10132
2014-06-16,CA_HOBBIES,1669
2014-06-16,CA_HOUSEHOLD,3511
2014-06-16,TOTAL,35203
2014-06-16,TX_FOODS,7373
2014-06-16,TX_HOBBIES,895
2014-06-16,TX_HOUSEHOLD,2306
2014-06-16,WI_FOODS,7135
2014-06-16,WI_HOBBIES,613
2014-06-16,WI_HOUSEHOLD,1569
2014-06-17,CA_FOODS,9641
2014-06-17,CA_HOBBIES,1604
2014-06-17,CA_HOUSEHOLD,3433
2014-06-17,TOTAL,33542
2014-06-17,TX_FOODS,6664
2014-06-17,TX_HOBBIES,712
2014-06-17,TX_HOUSEHOLD,2069
2014-06-17,WI_FOODS,7133
2014-06-17,WI_HOBBIES,674
2014-06-17,WI_HOUSEHOLD,1612
2014-06-18,CA_FOODS,10193
2014-06-18,CA_HOBBIES,1531
2014-06-18,CA_HOUSEHOLD,3111
2014-06-18,TOTAL,32269
2014-06-18,TX_FOODS,6236
2014-06-18,TX_HOBBIES,704
2014-06-18,TX_HOUSEHOLD,2016
2014-06-18,WI_FOODS,6245
2014-06-18,WI_HOBBIES,739
2014-06-18,WI_HOUSEHOLD,1494
2014-06-19,CA_FOODS,9925
2014-06-19,CA_HOBBIES,1511
2014-06-19,CA_HOUSEHOLD,3314
2014-06-19,TOTAL,33120
2014-06-19,TX_FOODS,6860
2014-06-19,TX_HOBBIES,779
2014-06-19,TX_HOUSEHOLD,2065
2014-06-19,WI_FOODS,6238
2014-06-19,WI_HOBBIES,609
2014-06-19,WI_HOUSEHOLD,1819
2014-06-20,CA_FOODS,11591
2014-06-20,CA_HOBBIES,1762
2014-06-20,CA_HOUSEHOLD,3627
2014-06-20,TOTAL,37996
2014-06-20,TX_FOODS,7283
2014-06-20,TX_HOBBIES,796
2014-06-20,TX_HOUSEHOLD,2567
2014-06-20,WI_FOODS,7246
2014-06-20,WI_HOBBIES,865
2014-06-20,WI_HOUSEHOLD,2259
2014-06-21,CA_FOODS,12655
2014-06-21,CA_HOBBIES,1995
2014-06-21,CA_HOUSEHOLD,4566
2014-06-21,TOTAL,42420
2014-06-21,TX_FOODS,8310
2014-06-21,TX_HOBBIES,1096
2014-06-21,TX_HOUSEHOLD,2835
2014-06-21,WI_FOODS,7704
2014-06-21,WI_HOBBIES,992
2014-06-21,WI_HOUSEHOLD,2267
2014-06-22,CA_FOODS,13186
2014-06-22,CA_HOBBIES,1853
2014-06-22,CA_HOUSEHOLD,4843
2014-06-22,TOTAL,42460
2014-06-22,TX_FOODS,8640
2014-06-22,TX_HOBBIES,923
2014-06-22,TX_HOUSEHOLD,2823
2014-06-22,WI_FOODS,7241
2014-06-22,WI_HOBBIES,836
2014-06-22,WI_HOUSEHOLD,2115
2014-06-23,CA_FOODS,10294
2014-06-23,CA_HOBBIES,1554
2014-06-23,CA_HOUSEHOLD,3446
2014-06-23,TOTAL,33158
2014-06-23,TX_FOODS,6395
2014-06-23,TX_HOBBIES,833
2014-06-23,TX_HOUSEHOLD,2043
2014-06-23,WI_FOODS,6143
2014-06-23,WI_HOBBIES,793
2014-06-23,WI_HOUSEHOLD,1657
2014-06-24,CA_FOODS,9423
2014-06-24,CA_HOBBIES,1611
2014-06-24,CA_HOUSEHOLD,3289
2014-06-24,TOTAL,30641
2014-06-24,TX_FOODS,5672
2014-06-24,TX_HOBBIES,746
2014-06-24,TX_HOUSEHOLD,1998
2014-06-24,WI_FOODS,5838
2014-06-24,WI_HOBBIES,567
2014-06-24,WI_HOUSEHOLD,1497
2014-06-25,CA_FOODS,8715
2014-06-25,CA_HOBBIES,1410
2014-06-25,CA_HOUSEHOLD,3094
2014-06-25,TOTAL,28821
2014-06-25,TX_FOODS,5402
2014-06-25,TX_HOBBIES,752
2014-06-25,TX_HOUSEHOLD,1943
2014-06-25,WI_FOODS,5255
2014-06-25,WI_HOBBIES,644
2014-06-25,WI_HOUSEHOLD,1606
2014-06-26,CA_FOODS,8903
2014-06-26,CA_HOBBIES,1535
2014-06-26,CA_HOUSEHOLD,3092
2014-06-26,TOTAL,29356
2014-06-26,TX_FOODS,5530
2014-06-26,TX_HOBBIES,671
2014-06-26,TX_HOUSEHOLD,2104
2014-06-26,WI_FOODS,5238
2014-06-26,WI_HOBBIES,597
2014-06-26,WI_HOUSEHOLD,1686
2014-06-27,CA_FOODS,10091
2014-06-27,CA_HOBBIES,1875
2014-06-27,CA_HOUSEHOLD,3412
2014-06-27,TOTAL,34078
2014-06-27,TX_FOODS,6356
2014-06-27,TX_HOBBIES,806
2014-06-27,TX_HOUSEHOLD,2424
2014-06-27,WI_FOODS,6158
2014-06-27,WI_HOBBIES,891
2014-06-27,WI_HOUSEHOLD,2065
2014-06-28,CA_FOODS,12317
2014-06-28,CA_HOBBIES,1886
2014-06-28,CA_HOUSEHOLD,4468
2014-06-28,TOTAL,39930
2014-06-28,TX_FOODS,7190
2014-06-28,TX_HOBBIES,947
2014-06-28,TX_HOUSEHOLD,2822
2014-06-28,WI_FOODS,7038
2014-06-28,WI_HOBBIES,876
2014-06-28,WI_HOUSEHOLD,2386
2014-06-29,CA_FOODS,13060
2014-06-29,CA_HOBBIES,1687
2014-06-29,CA_HOUSEHOLD,4182
2014-06-29,TOTAL,40211
2014-06-29,TX_FOODS,7678
2014-06-29,TX_HOBBIES,887
2014-06-29,TX_HOUSEHOLD,2693
2014-06-29,WI_FOODS,7060
2014-06-29,WI_HOBBIES,939
2014-06-29,WI_HOUSEHOLD,2025
2014-06-30,CA_FOODS,10577
2014-06-30,CA_HOBBIES,1675
2014-06-30,CA_HOUSEHOLD,3434
2014-06-30,TOTAL,33449
2014-06-30,TX_FOODS,6385
2014-06-30,TX_HOBBIES,776
2014-06-30,TX_HOUSEHOLD,2379
2014-06-30,WI_FOODS,5805
2014-06-30,WI_HOBBIES,654
2014-06-30,WI_HOUSEHOLD,1764
2014-07-01,CA_FOODS,11225
2014-07-01,CA_HOBBIES,1698
2014-07-01,CA_HOUSEHOLD,3847
2014-07-01,TOTAL,37739
2014-07-01,TX_FOODS,7692
2014-07-01,TX_HOBBIES,910
2014-07-01,TX_HOUSEHOLD,2516
2014-07-01,WI_FOODS,6451
2014-07-01,WI_HOBBIES,870
2014-07-01,WI_HOUSEHOLD,2530
2014-07-02,CA_FOODS,11096
2014-07-02,CA_HOBBIES,1712
2014-07-02,CA_HOUSEHOLD,3481
2014-07-02,TOTAL,37869
2014-07-02,TX_FOODS,6668
2014-07-02,TX_HOBBIES,725
2014-07-02,TX_HOUSEHOLD,2258
2014-07-02,WI_FOODS,8863
2014-07-02,WI_HOBBIES,827
2014-07-02,WI_HOUSEHOLD,2239
2014-07-03,CA_FOODS,14077
2014-07-03,CA_HOBBIES,2062
2014-07-03,CA_HOUSEHOLD,3989
2014-07-03,TOTAL,47028
2014-07-03,TX_FOODS,9324
2014-07-03,TX_HOBBIES,977
2014-07-03,TX_HOUSEHOLD,2908
2014-07-03,WI_FOODS,10111
2014-07-03,WI_HOBBIES,1002
2014-07-03,WI_HOUSEHOLD,2578
2014-07-04,CA_FOODS,12073
2014-07-04,CA_HOBBIES,1490
2014-07-04,CA_HOUSEHOLD,3434
2014-07-04,TOTAL,38593
2014-07-04,TX_FOODS,8705
2014-07-04,TX_HOBBIES,723
2014-07-04,TX_HOUSEHOLD,2484
2014-07-04,WI_FOODS,7301
2014-07-04,WI_HOBBIES,770
2014-07-04,WI_HOUSEHOLD,1613
2014-07-05,CA_FOODS,11944
2014-07-05,CA_HOBBIES,1753
2014-07-05,CA_HOUSEHOLD,4059
2014-07-05,TOTAL,40782
2014-07-05,TX_FOODS,8084
2014-07-05,TX_HOBBIES,758
2014-07-05,TX_HOUSEHOLD,2616
2014-07-05,WI_FOODS,8316
2014-07-05,WI_HOBBIES,955
2014-07-05,WI_HOUSEHOLD,2297
2014-07-06,CA_FOODS,13778
2014-07-06,CA_HOBBIES,1825
2014-07-06,CA_HOUSEHOLD,4659
2014-07-06,TOTAL,45490
2014-07-06,TX_FOODS,9190
2014-07-06,TX_HOBBIES,1027
2014-07-06,TX_HOUSEHOLD,2653
2014-07-06,WI_FOODS,9413
2014-07-06,WI_HOBBIES,777
2014-07-06,WI_HOUSEHOLD,2168
2014-07-07,CA_FOODS,11706
2014-07-07,CA_HOBBIES,1580
2014-07-07,CA_HOUSEHOLD,3833
2014-07-07,TOTAL,37635
2014-07-07,TX_FOODS,8278
2014-07-07,TX_HOBBIES,709
2014-07-07,TX_HOUSEHOLD,2395
2014-07-07,WI_FOODS,6664
2014-07-07,WI_HOBBIES,629
2014-07-07,WI_HOUSEHOLD,1841
2014-07-08,CA_FOODS,11093
2014-07-08,CA_HOBBIES,1640
2014-07-08,CA_HOUSEHOLD,3473
2014-07-08,TOTAL,36448
2014-07-08,TX_FOODS,6652
2014-07-08,TX_HOBBIES,608
2014-07-08,TX_HOUSEHOLD,2038
2014-07-08,WI_FOODS,8393
2014-07-08,WI_HOBBIES,718
2014-07-08,WI_HOUSEHOLD,1833
2014-07-09,CA_FOODS,10574
2014-07-09,CA_HOBBIES,1397
2014-07-09,CA_HOUSEHOLD,3286
2014-07-09,TOTAL,37214
2014-07-09,TX_FOODS,7856
2014-07-09,TX_HOBBIES,696
2014-07-09,TX_HOUSEHOLD,2275
2014-07-09,WI_FOODS,8602
2014-07-09,WI_HOBBIES,763
2014-07-09,WI_HOUSEHOLD,1765
2014-07-10,CA_FOODS,11692
2014-07-10,CA_HOBBIES,1450
2014-07-10,CA_HOUSEHOLD,3349
2014-07-10,TOTAL,35179
2014-07-10,TX_FOODS,6825
2014-07-10,TX_HOBBIES,760
2014-07-10,TX_HOUSEHOLD,2068
2014-07-10,WI_FOODS,6654
2014-07-10,WI_HOBBIES,654
2014-07-10,WI_HOUSEHOLD,1727
2014-07-11,CA_FOODS,11557
2014-07-11,CA_HOBBIES,1547
2014-07-11,CA_HOUSEHOLD,3652
2014-07-11,TOTAL,40253
2014-07-11,TX_FOODS,8486
2014-07-11,TX_HOBBIES,776
2014-07-11,TX_HOUSEHOLD,2307
2014-07-11,WI_FOODS,8916
2014-07-11,WI_HOBBIES,874
2014-07-11,WI_HOUSEHOLD,2138
2014-07-12,CA_FOODS,13180
2014-07-12,CA_HOBBIES,2035
2014-07-12,CA_HOUSEHOLD,4398
2014-07-12,TOTAL,47696
2014-07-12,TX_FOODS,10252
2014-07-12,TX_HOBBIES,825
2014-07-12,TX_HOUSEHOLD,3007
2014-07-12,WI_FOODS,10392
2014-07-12,WI_HOBBIES,1016
2014-07-12,WI_HOUSEHOLD,2591
2014-07-13,CA_FOODS,12966
2014-07-13,CA_HOBBIES,1753
2014-07-13,CA_HOUSEHOLD,4525
2014-07-13,TOTAL,43675
2014-07-13,TX_FOODS,9493
2014-07-13,TX_HOBBIES,885
2014-07-13,TX_HOUSEHOLD,2720
2014-07-13,WI_FOODS,8509
2014-07-13,WI_HOBBIES,850
2014-07-13,WI_HOUSEHOLD,1974
2014-07-14,CA_FOODS,10342
2014-07-14,CA_HOBBIES,1525
2014-07-14,CA_HOUSEHOLD,3463
2014-07-14,TOTAL,36281
2014-07-14,TX_FOODS,7271
2014-07-14,TX_HOBBIES,638
2014-07-14,TX_HOUSEHOLD,2209
2014-07-14,WI_FOODS,8272
2014-07-14,WI_HOBBIES,813
2014-07-14,WI_HOUSEHOLD,1748
2014-07-15,CA_FOODS,10071
2014-07-15,CA_HOBBIES,1575
2014-07-15,CA_HOUSEHOLD,3348
2014-07-15,TOTAL,35815
2014-07-15,TX_FOODS,7326
2014-07-15,TX_HOBBIES,659
2014-07-15,TX_HOUSEHOLD,2169
2014-07-15,WI_FOODS,8245
2014-07-15,WI_HOBBIES,635
2014-07-15,WI_HOUSEHOLD,1787
2014-07-16,CA_FOODS,9733
2014-07-16,CA_HOBBIES,1558
2014-07-16,CA_HOUSEHOLD,3242
2014-07-16,TOTAL,33011
2014-07-16,TX_FOODS,6402
2014-07-16,TX_HOBBIES,951
2014-07-16,TX_HOUSEHOLD,2223
2014-07-16,WI_FOODS,6384
2014-07-16,WI_HOBBIES,729
2014-07-16,WI_HOUSEHOLD,1789
2014-07-17,CA_FOODS,9333
2014-07-17,CA_HOBBIES,1521
2014-07-17,CA_HOUSEHOLD,3303
2014-07-17,TOTAL,32430
2014-07-17,TX_FOODS,6345
2014-07-17,TX_HOBBIES,679
2014-07-17,TX_HOUSEHOLD,2160
2014-07-17,WI_FOODS,6589
2014-07-17,WI_HOBBIES,651
2014-07-17,WI_HOUSEHOLD,1849
2014-07-18,CA_FOODS,10737
2014-07-18,CA_HOBBIES,1649
2014-07-18,CA_HOUSEHOLD,3916
2014-07-18,TOTAL,36449
2014-07-18,TX_FOODS,6654
2014-07-18,TX_HOBBIES,803
2014-07-18,TX_HOUSEHOLD,2468
2014-07-18,WI_FOODS,7155
2014-07-18,WI_HOBBIES,887
2014-07-18,WI_HOUSEHOLD,2180
2014-07-19,CA_FOODS,12291
2014-07-19,CA_HOBBIES,1910
2014-07-19,CA_HOUSEHOLD,4626
2014-07-19,TOTAL,42480
2014-07-19,TX_FOODS,8107
2014-07-19,TX_HOBBIES,1023
2014-07-19,TX_HOUSEHOLD,3072
2014-07-19,WI_FOODS,8098
2014-07-19,WI_HOBBIES,874
2014-07-19,WI_HOUSEHOLD,2479
2014-07-20,CA_FOODS,13162
2014-07-20,CA_HOBBIES,1713
2014-07-20,CA_HOUSEHOLD,4850
2014-07-20,TOTAL,42689
2014-07-20,TX_FOODS,8438
2014-07-20,TX_HOBBIES,1061
2014-07-20,TX_HOUSEHOLD,2810
2014-07-20,WI_FOODS,7567
2014-07-20,WI_HOBBIES,793
2014-07-20,WI_HOUSEHOLD,2295
2014-07-21,CA_FOODS,10068
2014-07-21,CA_HOBBIES,1379
2014-07-21,CA_HOUSEHOLD,3761
2014-07-21,TOTAL,33451
2014-07-21,TX_FOODS,6852
2014-07-21,TX_HOBBIES,724
2014-07-21,TX_HOUSEHOLD,2199
2014-07-21,WI_FOODS,6035
2014-07-21,WI_HOBBIES,686
2014-07-21,WI_HOUSEHOLD,1747
2014-07-22,CA_FOODS,9189
2014-07-22,CA_HOBBIES,1406
2014-07-22,CA_HOUSEHOLD,3350
2014-07-22,TOTAL,31512
2014-07-22,TX_FOODS,6583
2014-07-22,TX_HOBBIES,691
2014-07-22,TX_HOUSEHOLD,1927
2014-07-22,WI_FOODS,6028
2014-07-22,WI_HOBBIES,655
2014-07-22,WI_HOUSEHOLD,1683
2014-07-23,CA_FOODS,9475
2014-07-23,CA_HOBBIES,1436
2014-07-23,CA_HOUSEHOLD,3329
2014-07-23,TOTAL,30939
2014-07-23,TX_FOODS,6212
2014-07-23,TX_HOBBIES,633
2014-07-23,TX_HOUSEHOLD,2037
2014-07-23,WI_FOODS,5451
2014-07-23,WI_HOBBIES,673
2014-07-23,WI_HOUSEHOLD,1693
2014-07-24,CA_FOODS,9759
2014-07-24,CA_HOBBIES,1318
2014-07-24,CA_HOUSEHOLD,3137
2014-07-24,TOTAL,30525
2014-07-24,TX_FOODS,5842
2014-07-24,TX_HOBBIES,652
2014-07-24,TX_HOUSEHOLD,1979
2014-07-24,WI_FOODS,5626
2014-07-24,WI_HOBBIES,657
2014-07-24,WI_HOUSEHOLD,1555
2014-07-25,CA_FOODS,10404
2014-07-25,CA_HOBBIES,1523
2014-07-25,CA_HOUSEHOLD,3342
2014-07-25,TOTAL,33848
2014-07-25,TX_FOODS,6593
2014-07-25,TX_HOBBIES,890
2014-07-25,TX_HOUSEHOLD,2324
2014-07-25,WI_FOODS,6073
2014-07-25,WI_HOBBIES,723
2014-07-25,WI_HOUSEHOLD,1976
2014-07-26,CA_FOODS,11838
2014-07-26,CA_HOBBIES,1590
2014-07-26,CA_HOUSEHOLD,4348
2014-07-26,TOTAL,39008
2014-07-26,TX_FOODS,7140
2014-07-26,TX_HOBBIES,794
2014-07-26,TX_HOUSEHOLD,2729
2014-07-26,WI_FOODS,7206
2014-07-26,WI_HOBBIES,1139
2014-07-26,WI_HOUSEHOLD,2224
2014-07-27,CA_FOODS,13306
2014-07-27,CA_HOBBIES,1781
2014-07-27,CA_HOUSEHOLD,4950
2014-07-27,TOTAL,42214
2014-07-27,TX_FOODS,8402
2014-07-27,TX_HOBBIES,1054
2014-07-27,TX_HOUSEHOLD,2892
2014-07-27,WI_FOODS,6926
2014-07-27,WI_HOBBIES,742
2014-07-27,WI_HOUSEHOLD,2161
2014-07-28,CA_FOODS,10062
2014-07-28,CA_HOBBIES,1506
2014-07-28,CA_HOUSEHOLD,3747
2014-07-28,TOTAL,32632
2014-07-28,TX_FOODS,6681
2014-07-28,TX_HOBBIES,628
2014-07-28,TX_HOUSEHOLD,2249
2014-07-28,WI_FOODS,5309
2014-07-28,WI_HOBBIES,660
2014-07-28,WI_HOUSEHOLD,1790
2014-07-29,CA_FOODS,9442
2014-07-29,CA_HOBBIES,1292
2014-07-29,CA_HOUSEHOLD,3280
2014-07-29,TOTAL,30705
2014-07-29,TX_FOODS,5934
2014-07-29,TX_HOBBIES,824
2014-07-29,TX_HOUSEHOLD,1974
2014-07-29,WI_FOODS,5556
2014-07-29,WI_HOBBIES,624
2014-07-29,WI_HOUSEHOLD,1779
2014-07-30,CA_FOODS,9462
2014-07-30,CA_HOBBIES,1386
2014-07-30,CA_HOUSEHOLD,3068
2014-07-30,TOTAL,30334
2014-07-30,TX_FOODS,6113
2014-07-30,TX_HOBBIES,722
2014-07-30,TX_HOUSEHOLD,2022
2014-07-30,WI_FOODS,5173
2014-07-30,WI_HOBBIES,567
2014-07-30,WI_HOUSEHOLD,1821
2014-07-31,CA_FOODS,9607
2014-07-31,CA_HOBBIES,1655
2014-07-31,CA_HOUSEHOLD,3239
2014-07-31,TOTAL,31840
2014-07-31,TX_FOODS,5988
2014-07-31,TX_HOBBIES,750
2014-07-31,TX_HOUSEHOLD,2189
2014-07-31,WI_FOODS,5664
2014-07-31,WI_HOBBIES,633
2014-07-31,WI_HOUSEHOLD,2115
2014-08-01,CA_FOODS,12139
2014-08-01,CA_HOBBIES,1915
2014-08-01,CA_HOUSEHOLD,3993
2014-08-01,TOTAL,43129
2014-08-01,TX_FOODS,8945
2014-08-01,TX_HOBBIES,881
2014-08-01,TX_HOUSEHOLD,3167
2014-08-01,WI_FOODS,7454
2014-08-01,WI_HOBBIES,1326
2014-08-01,WI_HOUSEHOLD,3309
2014-08-02,CA_FOODS,13349
2014-08-02,CA_HOBBIES,1939
2014-08-02,CA_HOUSEHOLD,4690
2014-08-02,TOTAL,47011
2014-08-02,TX_FOODS,8435
2014-08-02,TX_HOBBIES,1070
2014-08-02,TX_HOUSEHOLD,3105
2014-08-02,WI_FOODS,10253
2014-08-02,WI_HOBBIES,1065
2014-08-02,WI_HOUSEHOLD,3105
2014-08-03,CA_FOODS,14268
2014-08-03,CA_HOBBIES,2028
2014-08-03,CA_HOUSEHOLD,5056
2014-08-03,TOTAL,47572
2014-08-03,TX_FOODS,9128
2014-08-03,TX_HOBBIES,1010
2014-08-03,TX_HOUSEHOLD,2836
2014-08-03,WI_FOODS,9810
2014-08-03,WI_HOBBIES,939
2014-08-03,WI_HOUSEHOLD,2497
2014-08-04,CA_FOODS,11160
2014-08-04,CA_HOBBIES,1657
2014-08-04,CA_HOUSEHOLD,3699
2014-08-04,TOTAL,35799
2014-08-04,TX_FOODS,7200
2014-08-04,TX_HOBBIES,736
2014-08-04,TX_HOUSEHOLD,2203
2014-08-04,WI_FOODS,6550
2014-08-04,WI_HOBBIES,647
2014-08-04,WI_HOUSEHOLD,1947
2014-08-05,CA_FOODS,10760
2014-08-05,CA_HOBBIES,1494
2014-08-05,CA_HOUSEHOLD,3470
2014-08-05,TOTAL,36238
2014-08-05,TX_FOODS,7335
2014-08-05,TX_HOBBIES,667
2014-08-05,TX_HOUSEHOLD,2206
2014-08-05,WI_FOODS,7781
2014-08-05,WI_HOBBIES,633
2014-08-05,WI_HOUSEHOLD,1892
2014-08-06,CA_FOODS,10274
2014-08-06,CA_HOBBIES,1565
2014-08-06,CA_HOUSEHOLD,3238
2014-08-06,TOTAL,34547
2014-08-06,TX_FOODS,6531
2014-08-06,TX_HOBBIES,703
2014-08-06,TX_HOUSEHOLD,2119
2014-08-06,WI_FOODS,7822
2014-08-06,WI_HOBBIES,626
2014-08-06,WI_HOUSEHOLD,1669
2014-08-07,CA_FOODS,10561
2014-08-07,CA_HOBBIES,1596
2014-08-07,CA_HOUSEHOLD,3417
2014-08-07,TOTAL,34577
2014-08-07,TX_FOODS,7566
2014-08-07,TX_HOBBIES,649
2014-08-07,TX_HOUSEHOLD,1960
2014-08-07,WI_FOODS,6291
2014-08-07,WI_HOBBIES,727
2014-08-07,WI_HOUSEHOLD,1810
2014-08-08,CA_FOODS,11646
2014-08-08,CA_HOBBIES,1527
2014-08-08,CA_HOUSEHOLD,3649
2014-08-08,TOTAL,38980
2014-08-08,TX_FOODS,7435
2014-08-08,TX_HOBBIES,819
2014-08-08,TX_HOUSEHOLD,2954
2014-08-08,WI_FOODS,8001
2014-08-08,WI_HOBBIES,710
2014-08-08,WI_HOUSEHOLD,2239
2014-08-09,CA_FOODS,13571
2014-08-09,CA_HOBBIES,1865
2014-08-09,CA_HOUSEHOLD,4799
2014-08-09,TOTAL,45258
2014-08-09,TX_FOODS,8375
2014-08-09,TX_HOBBIES,907
2014-08-09,TX_HOUSEHOLD,2888
2014-08-09,WI_FOODS,9481
2014-08-09,WI_HOBBIES,832
2014-08-09,WI_HOUSEHOLD,2540
2014-08-10,CA_FOODS,13935
2014-08-10,CA_HOBBIES,1979
2014-08-10,CA_HOUSEHOLD,4845
2014-08-10,TOTAL,43249
2014-08-10,TX_FOODS,7684
2014-08-10,TX_HOBBIES,917
2014-08-10,TX_HOUSEHOLD,3006
2014-08-10,WI_FOODS,8041
2014-08-10,WI_HOBBIES,680
2014-08-10,WI_HOUSEHOLD,2162
2014-08-11,CA_FOODS,10377
2014-08-11,CA_HOBBIES,1399
2014-08-11,CA_HOUSEHOLD,3643
2014-08-11,TOTAL,36122
2014-08-11,TX_FOODS,7487
2014-08-11,TX_HOBBIES,694
2014-08-11,TX_HOUSEHOLD,2200
2014-08-11,WI_FOODS,7690
2014-08-11,WI_HOBBIES,730
2014-08-11,WI_HOUSEHOLD,1902
2014-08-12,CA_FOODS,10012
2014-08-12,CA_HOBBIES,1505
2014-08-12,CA_HOUSEHOLD,3524
2014-08-12,TOTAL,36672
2014-08-12,TX_FOODS,7141
2014-08-12,TX_HOBBIES,712
2014-08-12,TX_HOUSEHOLD,2182
2014-08-12,WI_FOODS,8772
2014-08-12,WI_HOBBIES,917
2014-08-12,WI_HOUSEHOLD,1907
2014-08-13,CA_FOODS,9802
2014-08-13,CA_HOBBIES,1405
2014-08-13,CA_HOUSEHOLD,3369
2014-08-13,TOTAL,34419
2014-08-13,TX_FOODS,7635
2014-08-13,TX_HOBBIES,641
2014-08-13,TX_HOUSEHOLD,2104
2014-08-13,WI_FOODS,6803
2014-08-13,WI_HOBBIES,729
2014-08-13,WI_HOUSEHOLD,1931
2014-08-14,CA_FOODS,9931
2014-08-14,CA_HOBBIES,1488
2014-08-14,CA_HOUSEHOLD,3025
2014-08-14,TOTAL,34536
2014-08-14,TX_FOODS,6581
2014-08-14,TX_HOBBIES,751
2014-08-14,TX_HOUSEHOLD,2287
2014-08-14,WI_FOODS,7787
2014-08-14,WI_HOBBIES,719
2014-08-14,WI_HOUSEHOLD,1967
2014-08-15,CA_FOODS,10282
2014-08-15,CA_HOBBIES,1683
2014-08-15,CA_HOUSEHOLD,3367
2014-08-15,TOTAL,38258
2014-08-15,TX_FOODS,7706
2014-08-15,TX_HOBBIES,824
2014-08-15,TX_HOUSEHOLD,2494
2014-08-15,WI_FOODS,8615
2014-08-15,WI_HOBBIES,740
2014-08-15,WI_HOUSEHOLD,2547
2014-08-16,CA_FOODS,13061
2014-08-16,CA_HOBBIES,1748
2014-08-16,CA_HOUSEHOLD,4612
2014-08-16,TOTAL,44555
2014-08-16,TX_FOODS,8662
2014-08-16,TX_HOBBIES,912
2014-08-16,TX_HOUSEHOLD,2968
2014-08-16,WI_FOODS,8970
2014-08-16,WI_HOBBIES,915
2014-08-16,WI_HOUSEHOLD,2707
2014-08-17,CA_FOODS,14494
2014-08-17,CA_HOBBIES,1794
2014-08-17,CA_HOUSEHOLD,5351
2014-08-17,TOTAL,46673
2014-08-17,TX_FOODS,9194
2014-08-17,TX_HOBBIES,845
2014-08-17,TX_HOUSEHOLD,3182
2014-08-17,WI_FOODS,8323
2014-08-17,WI_HOBBIES,810
2014-08-17,WI_HOUSEHOLD,2680
2014-08-18,CA_FOODS,10897
2014-08-18,CA_HOBBIES,1691
2014-08-18,CA_HOUSEHOLD,3993
2014-08-18,TOTAL,35379
2014-08-18,TX_FOODS,6805
2014-08-18,TX_HOBBIES,646
2014-08-18,TX_HOUSEHOLD,2400
2014-08-18,WI_FOODS,6554
2014-08-18,WI_HOBBIES,611
2014-08-18,WI_HOUSEHOLD,1782
2014-08-19,CA_FOODS,9421
2014-08-19,CA_HOBBIES,1510
2014-08-19,CA_HOUSEHOLD,3413
2014-08-19,TOTAL,31959
2014-08-19,TX_FOODS,6231
2014-08-19,TX_HOBBIES,613
2014-08-19,TX_HOUSEHOLD,2356
2014-08-19,WI_FOODS,5872
2014-08-19,WI_HOBBIES,576
2014-08-19,WI_HOUSEHOLD,1967
2014-08-20,CA_FOODS,9311
2014-08-20,CA_HOBBIES,1377
2014-08-20,CA_HOUSEHOLD,3285
2014-08-20,TOTAL,31847
2014-08-20,TX_FOODS,6009
2014-08-20,TX_HOBBIES,694
2014-08-20,TX_HOUSEHOLD,2228
2014-08-20,WI_FOODS,6290
2014-08-20,WI_HOBBIES,585
2014-08-20,WI_HOUSEHOLD,2068
2014-08-21,CA_FOODS,9473
2014-08-21,CA_HOBBIES,1343
2014-08-21,CA_HOUSEHOLD,3246
2014-08-21,TOTAL,32399
2014-08-21,TX_FOODS,6619
2014-08-21,TX_HOBBIES,799
2014-08-21,TX_HOUSEHOLD,2273
2014-08-21,WI_FOODS,6084
2014-08-21,WI_HOBBIES,605
2014-08-21,WI_HOUSEHOLD,1957
2014-08-22,CA_FOODS,11053
2014-08-22,CA_HOBBIES,1444
2014-08-22,CA_HOUSEHOLD,3823
2014-08-22,TOTAL,37116
2014-08-22,TX_FOODS,7468
2014-08-22,TX_HOBBIES,863
2014-08-22,TX_HOUSEHOLD,2566
2014-08-22,WI_FOODS,6895
2014-08-22,WI_HOBBIES,764
2014-08-22,WI_HOUSEHOLD,2240
2014-08-23,CA_FOODS,13267
2014-08-23,CA_HOBBIES,1747
2014-08-23,CA_HOUSEHOLD,5112
2014-08-23,TOTAL,44673
2014-08-23,TX_FOODS,9130
2014-08-23,TX_HOBBIES,886
2014-08-23,TX_HOUSEHOLD,3241
2014-08-23,WI_FOODS,7726
2014-08-23,WI_HOBBIES,885
2014-08-23,WI_HOUSEHOLD,2679
2014-08-24,CA_FOODS,14705
2014-08-24,CA_HOBBIES,1794
2014-08-24,CA_HOUSEHOLD,5377
2014-08-24,TOTAL,47443
2014-08-24,TX_FOODS,10189
2014-08-24,TX_HOBBIES,1000
2014-08-24,TX_HOUSEHOLD,3202
2014-08-24,WI_FOODS,7807
2014-08-24,WI_HOBBIES,840
2014-08-24,WI_HOUSEHOLD,2529
2014-08-25,CA_FOODS,9783
2014-08-25,CA_HOBBIES,1456
2014-08-25,CA_HOUSEHOLD,3783
2014-08-25,TOTAL,34667
2014-08-25,TX_FOODS,7616
2014-08-25,TX_HOBBIES,641
2014-08-25,TX_HOUSEHOLD,2470
2014-08-25,WI_FOODS,6184
2014-08-25,WI_HOBBIES,746
2014-08-25,WI_HOUSEHOLD,1988
2014-08-26,CA_FOODS,9076
2014-08-26,CA_HOBBIES,1473
2014-08-26,CA_HOUSEHOLD,3332
2014-08-26,TOTAL,31402
2014-08-26,TX_FOODS,6540
2014-08-26,TX_HOBBIES,629
2014-08-26,TX_HOUSEHOLD,2198
2014-08-26,WI_FOODS,5569
2014-08-26,WI_HOBBIES,636
2014-08-26,WI_HOUSEHOLD,1949
2014-08-27,CA_FOODS,8811
2014-08-27,CA_HOBBIES,1307
2014-08-27,CA_HOUSEHOLD,3064
2014-08-27,TOTAL,29506
2014-08-27,TX_FOODS,5714
2014-08-27,TX_HOBBIES,627
2014-08-27,TX_HOUSEHOLD,1940
2014-08-27,WI_FOODS,5524
2014-08-27,WI_HOBBIES,712
2014-08-27,WI_HOUSEHOLD,1807
2014-08-28,CA_FOODS,8924
2014-08-28,CA_HOBBIES,1495
2014-08-28,CA_HOUSEHOLD,2909
2014-08-28,TOTAL,29976
2014-08-28,TX_FOODS,5808
2014-08-28,TX_HOBBIES,641
2014-08-28,TX_HOUSEHOLD,2078
2014-08-28,WI_FOODS,5503
2014-08-28,WI_HOBBIES,613
2014-08-28,WI_HOUSEHOLD,2005
2014-08-29,CA_FOODS,10680
2014-08-29,CA_HOBBIES,1510
2014-08-29,CA_HOUSEHOLD,3681
2014-08-29,TOTAL,37693
2014-08-29,TX_FOODS,6162
2014-08-29,TX_HOBBIES,743
2014-08-29,TX_HOUSEHOLD,2539
2014-08-29,WI_FOODS,7803
2014-08-29,WI_HOBBIES,985
2014-08-29,WI_HOUSEHOLD,3590
2014-08-30,CA_FOODS,12403
2014-08-30,CA_HOBBIES,1737
2014-08-30,CA_HOUSEHOLD,4577
2014-08-30,TOTAL,43237
2014-08-30,TX_FOODS,7813
2014-08-30,TX_HOBBIES,1018
2014-08-30,TX_HOUSEHOLD,3244
2014-08-30,WI_FOODS,8325
2014-08-30,WI_HOBBIES,980
2014-08-30,WI_HOUSEHOLD,3140
2014-08-31,CA_FOODS,11435
2014-08-31,CA_HOBBIES,1672
2014-08-31,CA_HOUSEHOLD,4549
2014-08-31,TOTAL,39210
2014-08-31,TX_FOODS,6967
2014-08-31,TX_HOBBIES,903
2014-08-31,TX_HOUSEHOLD,2755
2014-08-31,WI_FOODS,7509
2014-08-31,WI_HOBBIES,768
2014-08-31,WI_HOUSEHOLD,2652
2014-09-01,CA_FOODS,12644
2014-09-01,CA_HOBBIES,1612
2014-09-01,CA_HOUSEHOLD,4923
2014-09-01,TOTAL,43256
2014-09-01,TX_FOODS,8937
2014-09-01,TX_HOBBIES,984
2014-09-01,TX_HOUSEHOLD,2765
2014-09-01,WI_FOODS,7810
2014-09-01,WI_HOBBIES,747
2014-09-01,WI_HOUSEHOLD,2834
2014-09-02,CA_FOODS,9919
2014-09-02,CA_HOBBIES,1581
2014-09-02,CA_HOUSEHOLD,3547
2014-09-02,TOTAL,34299
2014-09-02,TX_FOODS,6165
2014-09-02,TX_HOBBIES,692
2014-09-02,TX_HOUSEHOLD,1932
2014-09-02,WI_FOODS,7844
2014-09-02,WI_HOBBIES,668
2014-09-02,WI_HOUSEHOLD,1951
2014-09-03,CA_FOODS,10309
2014-09-03,CA_HOBBIES,1564
2014-09-03,CA_HOUSEHOLD,3479
2014-09-03,TOTAL,37397
2014-09-03,TX_FOODS,7120
2014-09-03,TX_HOBBIES,740
2014-09-03,TX_HOUSEHOLD,2302
2014-09-03,WI_FOODS,8849
2014-09-03,WI_HOBBIES,694
2014-09-03,WI_HOUSEHOLD,2340
2014-09-04,CA_FOODS,9489
2014-09-04,CA_HOBBIES,1422
2014-09-04,CA_HOUSEHOLD,3246
2014-09-04,TOTAL,31483
2014-09-04,TX_FOODS,5771
2014-09-04,TX_HOBBIES,622
2014-09-04,TX_HOUSEHOLD,1932
2014-09-04,WI_FOODS,6479
2014-09-04,WI_HOBBIES,637
2014-09-04,WI_HOUSEHOLD,1885
2014-09-05,CA_FOODS,10185
2014-09-05,CA_HOBBIES,1688
2014-09-05,CA_HOUSEHOLD,3389
2014-09-05,TOTAL,35966
2014-09-05,TX_FOODS,6621
2014-09-05,TX_HOBBIES,952
2014-09-05,TX_HOUSEHOLD,1983
2014-09-05,WI_FOODS,8104
2014-09-05,WI_HOBBIES,788
2014-09-05,WI_HOUSEHOLD,2256
2014-09-06,CA_FOODS,13333
2014-09-06,CA_HOBBIES,1691
2014-09-06,CA_HOUSEHOLD,4384
2014-09-06,TOTAL,46017
2014-09-06,TX_FOODS,8637
2014-09-06,TX_HOBBIES,947
2014-09-06,TX_HOUSEHOLD,3119
2014-09-06,WI_FOODS,10232
2014-09-06,WI_HOBBIES,952
2014-09-06,WI_HOUSEHOLD,2722
2014-09-07,CA_FOODS,14419
2014-09-07,CA_HOBBIES,1723
2014-09-07,CA_HOUSEHOLD,5196
2014-09-07,TOTAL,45953
2014-09-07,TX_FOODS,9046
2014-09-07,TX_HOBBIES,893
2014-09-07,TX_HOUSEHOLD,2667
2014-09-07,WI_FOODS,8925
2014-09-07,WI_HOBBIES,816
2014-09-07,WI_HOUSEHOLD,2268
2014-09-08,CA_FOODS,10629
2014-09-08,CA_HOBBIES,1286
2014-09-08,CA_HOUSEHOLD,3512
2014-09-08,TOTAL,35580
2014-09-08,TX_FOODS,7111
2014-09-08,TX_HOBBIES,723
2014-09-08,TX_HOUSEHOLD,2398
2014-09-08,WI_FOODS,7506
2014-09-08,WI_HOBBIES,676
2014-09-08,WI_HOUSEHOLD,1739
2014-09-09,CA_FOODS,9783
2014-09-09,CA_HOBBIES,1577
2014-09-09,CA_HOUSEHOLD,3065
2014-09-09,TOTAL,34167
2014-09-09,TX_FOODS,6694
2014-09-09,TX_HOBBIES,681
2014-09-09,TX_HOUSEHOLD,2066
2014-09-09,WI_FOODS,8088
2014-09-09,WI_HOBBIES,537
2014-09-09,WI_HOUSEHOLD,1676
2014-09-10,CA_FOODS,10075
2014-09-10,CA_HOBBIES,1313
2014-09-10,CA_HOUSEHOLD,3091
2014-09-10,TOTAL,31792
2014-09-10,TX_FOODS,6019
2014-09-10,TX_HOBBIES,644
2014-09-10,TX_HOUSEHOLD,2080
2014-09-10,WI_FOODS,6077
2014-09-10,WI_HOBBIES,700
2014-09-10,WI_HOUSEHOLD,1793
2014-09-11,CA_FOODS,9809
2014-09-11,CA_HOBBIES,1385
2014-09-11,CA_HOUSEHOLD,3161
2014-09-11,TOTAL,34480
2014-09-11,TX_FOODS,7172
2014-09-11,TX_HOBBIES,695
2014-09-11,TX_HOUSEHOLD,2134
2014-09-11,WI_FOODS,7600
2014-09-11,WI_HOBBIES,653
2014-09-11,WI_HOUSEHOLD,1871
2014-09-12,CA_FOODS,11489
2014-09-12,CA_HOBBIES,1666
2014-09-12,CA_HOUSEHOLD,3498
2014-09-12,TOTAL,38359
2014-09-12,TX_FOODS,6987
2014-09-12,TX_HOBBIES,829
2014-09-12,TX_HOUSEHOLD,2337
2014-09-12,WI_FOODS,8521
2014-09-12,WI_HOBBIES,738
2014-09-12,WI_HOUSEHOLD,2294
2014-09-13,CA_FOODS,13614
2014-09-13,CA_HOBBIES,1884
2014-09-13,CA_HOUSEHOLD,4686
2014-09-13,TOTAL,47579
2014-09-13,TX_FOODS,9632
2014-09-13,TX_HOBBIES,1042
2014-09-13,TX_HOUSEHOLD,3310
2014-09-13,WI_FOODS,9488
2014-09-13,WI_HOBBIES,923
2014-09-13,WI_HOUSEHOLD,3000
2014-09-14,CA_FOODS,13572
2014-09-14,CA_HOBBIES,1748
2014-09-14,CA_HOUSEHOLD,4920
2014-09-14,TOTAL,45747
2014-09-14,TX_FOODS,8708
2014-09-14,TX_HOBBIES,934
2014-09-14,TX_HOUSEHOLD,3115
2014-09-14,WI_FOODS,9676
2014-09-14,WI_HOBBIES,752
2014-09-14,WI_HOUSEHOLD,2322
2014-09-15,CA_FOODS,10858
2014-09-15,CA_HOBBIES,1353
2014-09-15,CA_HOUSEHOLD,3500
2014-09-15,TOTAL,36559
2014-09-15,TX_FOODS,7363
2014-09-15,TX_HOBBIES,680
2014-09-15,TX_HOUSEHOLD,2288
2014-09-15,WI_FOODS,8016
2014-09-15,WI_HOBBIES,582
2014-09-15,WI_HOUSEHOLD,1919
2014-09-16,CA_FOODS,9515
2014-09-16,CA_HOBBIES,1379
2014-09-16,CA_HOUSEHOLD,3182
2014-09-16,TOTAL,31037
2014-09-16,TX_FOODS,6193
2014-09-16,TX_HOBBIES,574
2014-09-16,TX_HOUSEHOLD,1846
2014-09-16,WI_FOODS,5941
2014-09-16,WI_HOBBIES,642
2014-09-16,WI_HOUSEHOLD,1765
2014-09-17,CA_FOODS,9219
2014-09-17,CA_HOBBIES,1522
2014-09-17,CA_HOUSEHOLD,3225
2014-09-17,TOTAL,29831
2014-09-17,TX_FOODS,5525
2014-09-17,TX_HOBBIES,632
2014-09-17,TX_HOUSEHOLD,2009
2014-09-17,WI_FOODS,5437
2014-09-17,WI_HOBBIES,621
2014-09-17,WI_HOUSEHOLD,1641
2014-09-18,CA_FOODS,9103
2014-09-18,CA_HOBBIES,1258
2014-09-18,CA_HOUSEHOLD,3069
2014-09-18,TOTAL,28861
2014-09-18,TX_FOODS,4840
2014-09-18,TX_HOBBIES,665
2014-09-18,TX_HOUSEHOLD,1802
2014-09-18,WI_FOODS,5747
2014-09-18,WI_HOBBIES,665
2014-09-18,WI_HOUSEHOLD,1712
2014-09-19,CA_FOODS,10572
2014-09-19,CA_HOBBIES,1464
2014-09-19,CA_HOUSEHOLD,3569
2014-09-19,TOTAL,34832
2014-09-19,TX_FOODS,6591
2014-09-19,TX_HOBBIES,869
2014-09-19,TX_HOUSEHOLD,2565
2014-09-19,WI_FOODS,6296
2014-09-19,WI_HOBBIES,738
2014-09-19,WI_HOUSEHOLD,2168
2014-09-20,CA_FOODS,12830
2014-09-20,CA_HOBBIES,1914
2014-09-20,CA_HOUSEHOLD,4994
2014-09-20,TOTAL,43032
2014-09-20,TX_FOODS,7568
2014-09-20,TX_HOBBIES,1113
2014-09-20,TX_HOUSEHOLD,3196
2014-09-20,WI_FOODS,7855
2014-09-20,WI_HOBBIES,927
2014-09-20,WI_HOUSEHOLD,2635
2014-09-21,CA_FOODS,13750
2014-09-21,CA_HOBBIES,1840
2014-09-21,CA_HOUSEHOLD,5145
2014-09-21,TOTAL,44402
2014-09-21,TX_FOODS,8883
2014-09-21,TX_HOBBIES,1067
2014-09-21,TX_HOUSEHOLD,3029
2014-09-21,WI_FOODS,7603
2014-09-21,WI_HOBBIES,768
2014-09-21,WI_HOUSEHOLD,2317
2014-09-22,CA_FOODS,10025
2014-09-22,CA_HOBBIES,1176
2014-09-22,CA_HOUSEHOLD,3550
2014-09-22,TOTAL,31510
2014-09-22,TX_FOODS,6253
2014-09-22,TX_HOBBIES,653
2014-09-22,TX_HOUSEHOLD,2100
2014-09-22,WI_FOODS,5596
2014-09-22,WI_HOBBIES,585
2014-09-22,WI_HOUSEHOLD,1572
2014-09-23,CA_FOODS,9399
2014-09-23,CA_HOBBIES,1359
2014-09-23,CA_HOUSEHOLD,3210
2014-09-23,TOTAL,29410
2014-09-23,TX_FOODS,5531
2014-09-23,TX_HOBBIES,607
2014-09-23,TX_HOUSEHOLD,2123
2014-09-23,WI_FOODS,5171
2014-09-23,WI_HOBBIES,588
2014-09-23,WI_HOUSEHOLD,1422
2014-09-24,CA_FOODS,8909
2014-09-24,CA_HOBBIES,1255
2014-09-24,CA_HOUSEHOLD,3192
2014-09-24,TOTAL,29001
2014-09-24,TX_FOODS,5525
2014-09-24,TX_HOBBIES,612
2014-09-24,TX_HOUSEHOLD,1914
2014-09-24,WI_FOODS,5426
2014-09-24,WI_HOBBIES,686
2014-09-24,WI_HOUSEHOLD,1482
2014-09-25,CA_FOODS,8713
2014-09-25,CA_HOBBIES,1554
2014-09-25,CA_HOUSEHOLD,3205
2014-09-25,TOTAL,29511
2014-09-25,TX_FOODS,5541
2014-09-25,TX_HOBBIES,632
2014-09-25,TX_HOUSEHOLD,1935
2014-09-25,WI_FOODS,5353
2014-09-25,WI_HOBBIES,701
2014-09-25,WI_HOUSEHOLD,1877
2014-09-26,CA_FOODS,10156
2014-09-26,CA_HOBBIES,1412
2014-09-26,CA_HOUSEHOLD,3372
2014-09-26,TOTAL,33127
2014-09-26,TX_FOODS,5948
2014-09-26,TX_HOBBIES,797
2014-09-26,TX_HOUSEHOLD,2154
2014-09-26,WI_FOODS,6412
2014-09-26,WI_HOBBIES,787
2014-09-26,WI_HOUSEHOLD,2089
2014-09-27,CA_FOODS,12364
2014-09-27,CA_HOBBIES,1735
2014-09-27,CA_HOUSEHOLD,4348
2014-09-27,TOTAL,40839
2014-09-27,TX_FOODS,7383
2014-09-27,TX_HOBBIES,916
2014-09-27,TX_HOUSEHOLD,2714
2014-09-27,WI_FOODS,7869
2014-09-27,WI_HOBBIES,956
2014-09-27,WI_HOUSEHOLD,2554
2014-09-28,CA_FOODS,12970
2014-09-28,CA_HOBBIES,1723
2014-09-28,CA_HOUSEHOLD,4998
2014-09-28,TOTAL,42924
2014-09-28,TX_FOODS,8273
2014-09-28,TX_HOBBIES,991
2014-09-28,TX_HOUSEHOLD,2923
2014-09-28,WI_FOODS,7808
2014-09-28,WI_HOBBIES,828
2014-09-28,WI_HOUSEHOLD,2410
2014-09-29,CA_FOODS,10053
2014-09-29,CA_HOBBIES,1446
2014-09-29,CA_HOUSEHOLD,3459
2014-09-29,TOTAL,31473
2014-09-29,TX_FOODS,5892
2014-09-29,TX_HOBBIES,647
2014-09-29,TX_HOUSEHOLD,2210
2014-09-29,WI_FOODS,5429
2014-09-29,WI_HOBBIES,598
2014-09-29,WI_HOUSEHOLD,1739
2014-09-30,CA_FOODS,9079
2014-09-30,CA_HOBBIES,1383
2014-09-30,CA_HOUSEHOLD,3379
2014-09-30,TOTAL,29990
2014-09-30,TX_FOODS,5045
2014-09-30,TX_HOBBIES,763
2014-09-30,TX_HOUSEHOLD,2102
2014-09-30,WI_FOODS,5570
2014-09-30,WI_HOBBIES,630
2014-09-30,WI_HOUSEHOLD,2039
2014-10-01,CA_FOODS,9835
2014-10-01,CA_HOBBIES,1611
2014-10-01,CA_HOUSEHOLD,3448
2014-10-01,TOTAL,34602
2014-10-01,TX_FOODS,6570
2014-10-01,TX_HOBBIES,919
2014-10-01,TX_HOUSEHOLD,2545
2014-10-01,WI_FOODS,6039
2014-10-01,WI_HOBBIES,846
2014-10-01,WI_HOUSEHOLD,2789
2014-10-02,CA_FOODS,9721
2014-10-02,CA_HOBBIES,1527
2014-10-02,CA_HOUSEHOLD,3617
2014-10-02,TOTAL,34249
2014-10-02,TX_FOODS,6185
2014-10-02,TX_HOBBIES,695
2014-10-02,TX_HOUSEHOLD,2255
2014-10-02,WI_FOODS,7563
2014-10-02,WI_HOBBIES,658
2014-10-02,WI_HOUSEHOLD,2028
2014-10-03,CA_FOODS,11492
2014-10-03,CA_HOBBIES,1588
2014-10-03,CA_HOUSEHOLD,4025
2014-10-03,TOTAL,41836
2014-10-03,TX_FOODS,7534
2014-10-03,TX_HOBBIES,1020
2014-10-03,TX_HOUSEHOLD,3090
2014-10-03,WI_FOODS,9168
2014-10-03,WI_HOBBIES,1040
2014-10-03,WI_HOUSEHOLD,2879
2014-10-04,CA_FOODS,14157
2014-10-04,CA_HOBBIES,2067
2014-10-04,CA_HOUSEHOLD,5001
2014-10-04,TOTAL,47199
2014-10-04,TX_FOODS,7978
2014-10-04,TX_HOBBIES,1033
2014-10-04,TX_HOUSEHOLD,3385
2014-10-04,WI_FOODS,9444
2014-10-04,WI_HOBBIES,1151
2014-10-04,WI_HOUSEHOLD,2983
2014-10-05,CA_FOODS,14605
2014-10-05,CA_HOBBIES,1743
2014-10-05,CA_HOUSEHOLD,5313
2014-10-05,TOTAL,48361
2014-10-05,TX_FOODS,9244
2014-10-05,TX_HOBBIES,1008
2014-10-05,TX_HOUSEHOLD,2954
2014-10-05,WI_FOODS,10085
2014-10-05,WI_HOBBIES,818
2014-10-05,WI_HOUSEHOLD,2591
2014-10-06,CA_FOODS,11618
2014-10-06,CA_HOBBIES,1688
2014-10-06,CA_HOUSEHOLD,3838
2014-10-06,TOTAL,37719
2014-10-06,TX_FOODS,6875
2014-10-06,TX_HOBBIES,837
2014-10-06,TX_HOUSEHOLD,2158
2014-10-06,WI_FOODS,7987
2014-10-06,WI_HOBBIES,910
2014-10-06,WI_HOUSEHOLD,1808
2014-10-07,CA_FOODS,9699
2014-10-07,CA_HOBBIES,1270
2014-10-07,CA_HOUSEHOLD,3523
2014-10-07,TOTAL,33151
2014-10-07,TX_FOODS,7006
2014-10-07,TX_HOBBIES,878
2014-10-07,TX_HOUSEHOLD,2130
2014-10-07,WI_FOODS,6421
2014-10-07,WI_HOBBIES,541
2014-10-07,WI_HOUSEHOLD,1683
2014-10-08,CA_FOODS,9777
2014-10-08,CA_HOBBIES,1370
2014-10-08,CA_HOUSEHOLD,3234
2014-10-08,TOTAL,33185
2014-10-08,TX_FOODS,5650
2014-10-08,TX_HOBBIES,862
2014-10-08,TX_HOUSEHOLD,2221
2014-10-08,WI_FOODS,7557
2014-10-08,WI_HOBBIES,791
2014-10-08,WI_HOUSEHOLD,1723
2014-10-09,CA_FOODS,9640
2014-10-09,CA_HOBBIES,1362
2014-10-09,CA_HOUSEHOLD,3090
2014-10-09,TOTAL,33738
2014-10-09,TX_FOODS,6523
2014-10-09,TX_HOBBIES,664
2014-10-09,TX_HOUSEHOLD,2174
2014-10-09,WI_FOODS,7767
2014-10-09,WI_HOBBIES,704
2014-10-09,WI_HOUSEHOLD,1814
2014-10-10,CA_FOODS,10163
2014-10-10,CA_HOBBIES,1675
2014-10-10,CA_HOUSEHOLD,3539
2014-10-10,TOTAL,35001
2014-10-10,TX_FOODS,6221
2014-10-10,TX_HOBBIES,825
2014-10-10,TX_HOUSEHOLD,2287
2014-10-10,WI_FOODS,7135
2014-10-10,WI_HOBBIES,942
2014-10-10,WI_HOUSEHOLD,2214
2014-10-11,CA_FOODS,12086
2014-10-11,CA_HOBBIES,1957
2014-10-11,CA_HOUSEHOLD,4699
2014-10-11,TOTAL,44561
2014-10-11,TX_FOODS,8198
2014-10-11,TX_HOBBIES,986
2014-10-11,TX_HOUSEHOLD,3170
2014-10-11,WI_FOODS,9721
2014-10-11,WI_HOBBIES,1004
2014-10-11,WI_HOUSEHOLD,2740
2014-10-12,CA_FOODS,12997
2014-10-12,CA_HOBBIES,1731
2014-10-12,CA_HOUSEHOLD,4924
2014-10-12,TOTAL,46735
2014-10-12,TX_FOODS,8839
2014-10-12,TX_HOBBIES,1041
2014-10-12,TX_HOUSEHOLD,3159
2014-10-12,WI_FOODS,10831
2014-10-12,WI_HOBBIES,852
2014-10-12,WI_HOUSEHOLD,2361
2014-10-13,CA_FOODS,9868
2014-10-13,CA_HOBBIES,1471
2014-10-13,CA_HOUSEHOLD,3669
2014-10-13,TOTAL,33557
2014-10-13,TX_FOODS,7429
2014-10-13,TX_HOBBIES,702
2014-10-13,TX_HOUSEHOLD,1991
2014-10-13,WI_FOODS,6235
2014-10-13,WI_HOBBIES,720
2014-10-13,WI_HOUSEHOLD,1472
2014-10-14,CA_FOODS,8580
2014-10-14,CA_HOBBIES,1445
2014-10-14,CA_HOUSEHOLD,3109
2014-10-14,TOTAL,32451
2014-10-14,TX_FOODS,6000
2014-10-14,TX_HOBBIES,800
2014-10-14,TX_HOUSEHOLD,1939
2014-10-14,WI_FOODS,8147
2014-10-14,WI_HOBBIES,749
2014-10-14,WI_HOUSEHOLD,1682
2014-10-15,CA_FOODS,8496
2014-10-15,CA_HOBBIES,1645
2014-10-15,CA_HOUSEHOLD,3124
2014-10-15,TOTAL,34193
2014-10-15,TX_FOODS,6914
2014-10-15,TX_HOBBIES,763
2014-10-15,TX_HOUSEHOLD,2080
2014-10-15,WI_FOODS,8494
2014-10-15,WI_HOBBIES,888
2014-10-15,WI_HOUSEHOLD,1789
2014-10-16,CA_FOODS,7860
2014-10-16,CA_HOBBIES,1338
2014-10-16,CA_HOUSEHOLD,3034
2014-10-16,TOTAL,29936
2014-10-16,TX_FOODS,5499
2014-10-16,TX_HOBBIES,873
2014-10-16,TX_HOUSEHOLD,1961
2014-10-16,WI_FOODS,6832
2014-10-16,WI_HOBBIES,840
2014-10-16,WI_HOUSEHOLD,1699
2014-10-17,CA_FOODS,9537
2014-10-17,CA_HOBBIES,1709
2014-10-17,CA_HOUSEHOLD,3489
2014-10-17,TOTAL,33430
2014-10-17,TX_FOODS,5795
2014-10-17,TX_HOBBIES,916
2014-10-17,TX_HOUSEHOLD,2321
2014-10-17,WI_FOODS,6664
2014-10-17,WI_HOBBIES,952
2014-10-17,WI_HOUSEHOLD,2047
2014-10-18,CA_FOODS,12215
2014-10-18,CA_HOBBIES,2137
2014-10-18,CA_HOUSEHOLD,4958
2014-10-18,TOTAL,43755
2014-10-18,TX_FOODS,7652
2014-10-18,TX_HOBBIES,1140
2014-10-18,TX_HOUSEHOLD,3060
2014-10-18,WI_FOODS,8736
2014-10-18,WI_HOBBIES,1112
2014-10-18,WI_HOUSEHOLD,2745
2014-10-19,CA_FOODS,13380
2014-10-19,CA_HOBBIES,1741
2014-10-19,CA_HOUSEHOLD,5201
2014-10-19,TOTAL,43456
2014-10-19,TX_FOODS,7858
2014-10-19,TX_HOBBIES,1232
2014-10-19,TX_HOUSEHOLD,3006
2014-10-19,WI_FOODS,8083
2014-10-19,WI_HOBBIES,832
2014-10-19,WI_HOUSEHOLD,2123
2014-10-20,CA_FOODS,9778
2014-10-20,CA_HOBBIES,1556
2014-10-20,CA_HOUSEHOLD,3597
2014-10-20,TOTAL,32233
2014-10-20,TX_FOODS,6136
2014-10-20,TX_HOBBIES,865
2014-10-20,TX_HOUSEHOLD,2308
2014-10-20,WI_FOODS,5754
2014-10-20,WI_HOBBIES,655
2014-10-20,WI_HOUSEHOLD,1584
2014-10-21,CA_FOODS,8425
2014-10-21,CA_HOBBIES,1688
2014-10-21,CA_HOUSEHOLD,3306
2014-10-21,TOTAL,29367
2014-10-21,TX_FOODS,5145
2014-10-21,TX_HOBBIES,862
2014-10-21,TX_HOUSEHOLD,1959
2014-10-21,WI_FOODS,5669
2014-10-21,WI_HOBBIES,760
2014-10-21,WI_HOUSEHOLD,1553
2014-10-22,CA_FOODS,7821
2014-10-22,CA_HOBBIES,1517
2014-10-22,CA_HOUSEHOLD,2877
2014-10-22,TOTAL,27926
2014-10-22,TX_FOODS,5244
2014-10-22,TX_HOBBIES,829
2014-10-22,TX_HOUSEHOLD,1942
2014-10-22,WI_FOODS,5332
2014-10-22,WI_HOBBIES,763
2014-10-22,WI_HOUSEHOLD,1601
2014-10-23,CA_FOODS,8289
2014-10-23,CA_HOBBIES,1452
2014-10-23,CA_HOUSEHOLD,3059
2014-10-23,TOTAL,28506
2014-10-23,TX_FOODS,4959
2014-10-23,TX_HOBBIES,828
2014-10-23,TX_HOUSEHOLD,2058
2014-10-23,WI_FOODS,5469
2014-10-23,WI_HOBBIES,662
2014-10-23,WI_HOUSEHOLD,1730
2014-10-24,CA_FOODS,8957
2014-10-24,CA_HOBBIES,1678
2014-10-24,CA_HOUSEHOLD,3327
2014-10-24,TOTAL,32790
2014-10-24,TX_FOODS,5662
2014-10-24,TX_HOBBIES,923
2014-10-24,TX_HOUSEHOLD,2257
2014-10-24,WI_FOODS,6857
2014-10-24,WI_HOBBIES,860
2014-10-24,WI_HOUSEHOLD,2269
2014-10-25,CA_FOODS,11693
2014-10-25,CA_HOBBIES,2096
2014-10-25,CA_HOUSEHOLD,4626
2014-10-25,TOTAL,40753
2014-10-25,TX_FOODS,6730
2014-10-25,TX_HOBBIES,1045
2014-10-25,TX_HOUSEHOLD,2686
2014-10-25,WI_FOODS,8221
2014-10-25,WI_HOBBIES,1171
2014-10-25,WI_HOUSEHOLD,2485
2014-10-26,CA_FOODS,11919
2014-10-26,CA_HOBBIES,1859
2014-10-26,CA_HOUSEHOLD,4539
2014-10-26,TOTAL,40197
2014-10-26,TX_FOODS,7694
2014-10-26,TX_HOBBIES,1097
2014-10-26,TX_HOUSEHOLD,3050
2014-10-26,WI_FOODS,7116
2014-10-26,WI_HOBBIES,832
2014-10-26,WI_HOUSEHOLD,2091
2014-10-27,CA_FOODS,9520
2014-10-27,CA_HOBBIES,1655
2014-10-27,CA_HOUSEHOLD,3311
2014-10-27,TOTAL,31203
2014-10-27,TX_FOODS,5863
2014-10-27,TX_HOBBIES,903
2014-10-27,TX_HOUSEHOLD,2133
2014-10-27,WI_FOODS,5361
2014-10-27,WI_HOBBIES,763
2014-10-27,WI_HOUSEHOLD,1694
2014-10-28,CA_FOODS,7990
2014-10-28,CA_HOBBIES,1660
2014-10-28,CA_HOUSEHOLD,2941
2014-10-28,TOTAL,28340
2014-10-28,TX_FOODS,5362
2014-10-28,TX_HOBBIES,837
2014-10-28,TX_HOUSEHOLD,1906
2014-10-28,WI_FOODS,5271
2014-10-28,WI_HOBBIES,770
2014-10-28,WI_HOUSEHOLD,1603
2014-10-29,CA_FOODS,8239
2014-10-29,CA_HOBBIES,1613
2014-10-29,CA_HOUSEHOLD,2693
2014-10-29,TOTAL,27563
2014-10-29,TX_FOODS,5128
2014-10-29,TX_HOBBIES,774
2014-10-29,TX_HOUSEHOLD,1819
2014-10-29,WI_FOODS,5065
2014-10-29,WI_HOBBIES,735
2014-10-29,WI_HOUSEHOLD,1497
2014-10-30,CA_FOODS,9274
2014-10-30,CA_HOBBIES,1689
2014-10-30,CA_HOUSEHOLD,2855
2014-10-30,TOTAL,30235
2014-10-30,TX_FOODS,5736
2014-10-30,TX_HOBBIES,973
2014-10-30,TX_HOUSEHOLD,1950
2014-10-30,WI_FOODS,5317
2014-10-30,WI_HOBBIES,807
2014-10-30,WI_HOUSEHOLD,1634
2014-10-31,CA_FOODS,8960
2014-10-31,CA_HOBBIES,1424
2014-10-31,CA_HOUSEHOLD,2640
2014-10-31,TOTAL,32850
2014-10-31,TX_FOODS,6264
2014-10-31,TX_HOBBIES,916
2014-10-31,TX_HOUSEHOLD,2231
2014-10-31,WI_FOODS,6681
2014-10-31,WI_HOBBIES,1111
2014-10-31,WI_HOUSEHOLD,2623
2014-11-01,CA_FOODS,12895
2014-11-01,CA_HOBBIES,2340
2014-11-01,CA_HOUSEHOLD,5018
2014-11-01,TOTAL,44249
2014-11-01,TX_FOODS,7535
2014-11-01,TX_HOBBIES,1069
2014-11-01,TX_HOUSEHOLD,3081
2014-11-01,WI_FOODS,8072
2014-11-01,WI_HOBBIES,1183
2014-11-01,WI_HOUSEHOLD,3056
2014-11-02,CA_FOODS,13980
2014-11-02,CA_HOBBIES,1831
2014-11-02,CA_HOUSEHOLD,5281
2014-11-02,TOTAL,46072
2014-11-02,TX_FOODS,7594
2014-11-02,TX_HOBBIES,1059
2014-11-02,TX_HOUSEHOLD,2837
2014-11-02,WI_FOODS,9831
2014-11-02,WI_HOBBIES,907
2014-11-02,WI_HOUSEHOLD,2752
2014-11-03,CA_FOODS,10860
2014-11-03,CA_HOBBIES,1784
2014-11-03,CA_HOUSEHOLD,3818
2014-11-03,TOTAL,38564
2014-11-03,TX_FOODS,6871
2014-11-03,TX_HOBBIES,890
2014-11-03,TX_HOUSEHOLD,2504
2014-11-03,WI_FOODS,8742
2014-11-03,WI_HOBBIES,836
2014-11-03,WI_HOUSEHOLD,2259
2014-11-04,CA_FOODS,9146
2014-11-04,CA_HOBBIES,1546
2014-11-04,CA_HOUSEHOLD,3309
2014-11-04,TOTAL,31952
2014-11-04,TX_FOODS,5377
2014-11-04,TX_HOBBIES,966
2014-11-04,TX_HOUSEHOLD,2181
2014-11-04,WI_FOODS,6752
2014-11-04,WI_HOBBIES,764
2014-11-04,WI_HOUSEHOLD,1911
2014-11-05,CA_FOODS,8808
2014-11-05,CA_HOBBIES,1301
2014-11-05,CA_HOUSEHOLD,3155
2014-11-05,TOTAL,30832
2014-11-05,TX_FOODS,5391
2014-11-05,TX_HOBBIES,689
2014-11-05,TX_HOUSEHOLD,1866
2014-11-05,WI_FOODS,7249
2014-11-05,WI_HOBBIES,580
2014-11-05,WI_HOUSEHOLD,1793
2014-11-06,CA_FOODS,9112
2014-11-06,CA_HOBBIES,1627
2014-11-06,CA_HOUSEHOLD,3139
2014-11-06,TOTAL,33223
2014-11-06,TX_FOODS,6216
2014-11-06,TX_HOBBIES,824
2014-11-06,TX_HOUSEHOLD,2045
2014-11-06,WI_FOODS,7883
2014-11-06,WI_HOBBIES,522
2014-11-06,WI_HOUSEHOLD,1855
2014-11-07,CA_FOODS,9814
2014-11-07,CA_HOBBIES,1740
2014-11-07,CA_HOUSEHOLD,3465
2014-11-07,TOTAL,34763
2014-11-07,TX_FOODS,6619
2014-11-07,TX_HOBBIES,859
2014-11-07,TX_HOUSEHOLD,2491
2014-11-07,WI_FOODS,6783
2014-11-07,WI_HOBBIES,783
2014-11-07,WI_HOUSEHOLD,2209
2014-11-08,CA_FOODS,12593
2014-11-08,CA_HOBBIES,1906
2014-11-08,CA_HOUSEHOLD,4785
2014-11-08,TOTAL,44270
2014-11-08,TX_FOODS,7059
2014-11-08,TX_HOBBIES,1063
2014-11-08,TX_HOUSEHOLD,2931
2014-11-08,WI_FOODS,10094
2014-11-08,WI_HOBBIES,948
2014-11-08,WI_HOUSEHOLD,2891
2014-11-09,CA_FOODS,13696
2014-11-09,CA_HOBBIES,1820
2014-11-09,CA_HOUSEHOLD,4888
2014-11-09,TOTAL,47415
2014-11-09,TX_FOODS,9023
2014-11-09,TX_HOBBIES,1101
2014-11-09,TX_HOUSEHOLD,3069
2014-11-09,WI_FOODS,10518
2014-11-09,WI_HOBBIES,884
2014-11-09,WI_HOUSEHOLD,2416
2014-11-10,CA_FOODS,11344
2014-11-10,CA_HOBBIES,1382
2014-11-10,CA_HOUSEHOLD,3390
2014-11-10,TOTAL,34449
2014-11-10,TX_FOODS,6303
2014-11-10,TX_HOBBIES,919
2014-11-10,TX_HOUSEHOLD,2387
2014-11-10,WI_FOODS,6340
2014-11-10,WI_HOBBIES,670
2014-11-10,WI_HOUSEHOLD,1714
2014-11-11,CA_FOODS,9537
2014-11-11,CA_HOBBIES,1773
2014-11-11,CA_HOUSEHOLD,3191
2014-11-11,TOTAL,32588
2014-11-11,TX_FOODS,6124
2014-11-11,TX_HOBBIES,780
2014-11-11,TX_HOUSEHOLD,1893
2014-11-11,WI_FOODS,7188
2014-11-11,WI_HOBBIES,647
2014-11-11,WI_HOUSEHOLD,1455
2014-11-12,CA_FOODS,8083
2014-11-12,CA_HOBBIES,1343
2014-11-12,CA_HOUSEHOLD,2540
2014-11-12,TOTAL,30490
2014-11-12,TX_FOODS,5963
2014-11-12,TX_HOBBIES,695
2014-11-12,TX_HOUSEHOLD,1623
2014-11-12,WI_FOODS,8004
2014-11-12,WI_HOBBIES,722
2014-11-12,WI_HOUSEHOLD,1517
2014-11-13,CA_FOODS,8138
2014-11-13,CA_HOBBIES,1352
2014-11-13,CA_HOUSEHOLD,2502
2014-11-13,TOTAL,28711
2014-11-13,TX_FOODS,5865
2014-11-13,TX_HOBBIES,758
2014-11-13,TX_HOUSEHOLD,1853
2014-11-13,WI_FOODS,6168
2014-11-13,WI_HOBBIES,656
2014-11-13,WI_HOUSEHOLD,1419
2014-11-14,CA_FOODS,9213
2014-11-14,CA_HOBBIES,1572
2014-11-14,CA_HOUSEHOLD,3209
2014-11-14,TOTAL,34739
2014-11-14,TX_FOODS,6157
2014-11-14,TX_HOBBIES,999
2014-11-14,TX_HOUSEHOLD,2039
2014-11-14,WI_FOODS,8707
2014-11-14,WI_HOBBIES,889
2014-11-14,WI_HOUSEHOLD,1954
2014-11-15,CA_FOODS,11488
2014-11-15,CA_HOBBIES,2074
2014-11-15,CA_HOUSEHOLD,4317
2014-11-15,TOTAL,44383
2014-11-15,TX_FOODS,7952
2014-11-15,TX_HOBBIES,1187
2014-11-15,TX_HOUSEHOLD,2790
2014-11-15,WI_FOODS,10858
2014-11-15,WI_HOBBIES,1111
2014-11-15,WI_HOUSEHOLD,2606
2014-11-16,CA_FOODS,12657
2014-11-16,CA_HOBBIES,1887
2014-11-16,CA_HOUSEHOLD,4657
2014-11-16,TOTAL,43516
2014-11-16,TX_FOODS,8051
2014-11-16,TX_HOBBIES,1168
2014-11-16,TX_HOUSEHOLD,2968
2014-11-16,WI_FOODS,9085
2014-11-16,WI_HOBBIES,823
2014-11-16,WI_HOUSEHOLD,2220
2014-11-17,CA_FOODS,9321
2014-11-17,CA_HOBBIES,1504
2014-11-17,CA_HOUSEHOLD,3214
2014-11-17,TOTAL,31811
2014-11-17,TX_FOODS,6068
2014-11-17,TX_HOBBIES,972
2014-11-17,TX_HOUSEHOLD,2036
2014-11-17,WI_FOODS,6379
2014-11-17,WI_HOBBIES,745
2014-11-17,WI_HOUSEHOLD,1572
2014-11-18,CA_FOODS,8317
2014-11-18,CA_HOBBIES,1417
2014-11-18,CA_HOUSEHOLD,2885
2014-11-18,TOTAL,28014
2014-11-18,TX_FOODS,5273
2014-11-18,TX_HOBBIES,875
2014-11-18,TX_HOUSEHOLD,1815
2014-11-18,WI_FOODS,5490
2014-11-18,WI_HOBBIES,629
2014-11-18,WI_HOUSEHOLD,1313
2014-11-19,CA_FOODS,7742
2014-11-19,CA_HOBBIES,1526
2014-11-19,CA_HOUSEHOLD,2720
2014-11-19,TOTAL,28047
2014-11-19,TX_FOODS,5346
2014-11-19,TX_HOBBIES,824
2014-11-19,TX_HOUSEHOLD,1855
2014-11-19,WI_FOODS,5704
2014-11-19,WI_HOBBIES,784
2014-11-19,WI_HOUSEHOLD,1546
2014-11-20,CA_FOODS,7840
2014-11-20,CA_HOBBIES,1364
2014-11-20,CA_HOUSEHOLD,2789
2014-11-20,TOTAL,28247
2014-11-20,TX_FOODS,5438
2014-11-20,TX_HOBBIES,922
2014-11-20,TX_HOUSEHOLD,1923
2014-11-20,WI_FOODS,5641
2014-11-20,WI_HOBBIES,654
2014-11-20,WI_HOUSEHOLD,1676
2014-11-21,CA_FOODS,9246
2014-11-21,CA_HOBBIES,1905
2014-11-21,CA_HOUSEHOLD,3270
2014-11-21,TOTAL,32863
2014-11-21,TX_FOODS,5424
2014-11-21,TX_HOBBIES,765
2014-11-21,TX_HOUSEHOLD,2209
2014-11-21,WI_FOODS,6956
2014-11-21,WI_HOBBIES,902
2014-11-21,WI_HOUSEHOLD,2186
2014-11-22,CA_FOODS,12170
2014-11-22,CA_HOBBIES,2047
2014-11-22,CA_HOUSEHOLD,4928
2014-11-22,TOTAL,42402
2014-11-22,TX_FOODS,7469
2014-11-22,TX_HOBBIES,1059
2014-11-22,TX_HOUSEHOLD,2954
2014-11-22,WI_FOODS,7989
2014-11-22,WI_HOBBIES,1161
2014-11-22,WI_HOUSEHOLD,2625
2014-11-23,CA_FOODS,12116
2014-11-23,CA_HOBBIES,1825
2014-11-23,CA_HOUSEHOLD,4776
2014-11-23,TOTAL,40630
2014-11-23,TX_FOODS,7514
2014-11-23,TX_HOBBIES,1121
2014-11-23,TX_HOUSEHOLD,2971
2014-11-23,WI_FOODS,7344
2014-11-23,WI_HOBBIES,817
2014-11-23,WI_HOUSEHOLD,2146
2014-11-24,CA_FOODS,9743
2014-11-24,CA_HOBBIES,1465
2014-11-24,CA_HOUSEHOLD,3420
2014-11-24,TOTAL,31598
2014-11-24,TX_FOODS,6263
2014-11-24,TX_HOBBIES,897
2014-11-24,TX_HOUSEHOLD,2302
2014-11-24,WI_FOODS,5386
2014-11-24,WI_HOBBIES,632
2014-11-24,WI_HOUSEHOLD,1490
2014-11-25,CA_FOODS,9791
2014-11-25,CA_HOBBIES,1851
2014-11-25,CA_HOUSEHOLD,3109
2014-11-25,TOTAL,31888
2014-11-25,TX_FOODS,6031
2014-11-25,TX_HOBBIES,775
2014-11-25,TX_HOUSEHOLD,2088
2014-11-25,WI_FOODS,6068
2014-11-25,WI_HOBBIES,535
2014-11-25,WI_HOUSEHOLD,1640
2014-11-26,CA_FOODS,10824
2014-11-26,CA_HOBBIES,1659
2014-11-26,CA_HOUSEHOLD,3329
2014-11-26,TOTAL,36903
2014-11-26,TX_FOODS,7491
2014-11-26,TX_HOBBIES,938
2014-11-26,TX_HOUSEHOLD,2298
2014-11-26,WI_FOODS,7469
2014-11-26,WI_HOBBIES,804
2014-11-26,WI_HOUSEHOLD,2091
2014-11-27,CA_FOODS,6518
2014-11-27,CA_HOBBIES,647
2014-11-27,CA_HOUSEHOLD,1765
2014-11-27,TOTAL,21844
2014-11-27,TX_FOODS,5691
2014-11-27,TX_HOBBIES,583
2014-11-27,TX_HOUSEHOLD,1398
2014-11-27,WI_FOODS,4110
2014-11-27,WI_HOBBIES,295
2014-11-27,WI_HOUSEHOLD,837
2014-11-28,CA_FOODS,7362
2014-11-28,CA_HOBBIES,1168
2014-11-28,CA_HOUSEHOLD,2994
2014-11-28,TOTAL,26354
2014-11-28,TX_FOODS,4866
2014-11-28,TX_HOBBIES,783
2014-11-28,TX_HOUSEHOLD,1938
2014-11-28,WI_FOODS,4757
2014-11-28,WI_HOBBIES,758
2014-11-28,WI_HOUSEHOLD,1728
2014-11-29,CA_FOODS,9390
2014-11-29,CA_HOBBIES,1837
2014-11-29,CA_HOUSEHOLD,4007
2014-11-29,TOTAL,34456
2014-11-29,TX_FOODS,5864
2014-11-29,TX_HOBBIES,902
2014-11-29,TX_HOUSEHOLD,2410
2014-11-29,WI_FOODS,6746
2014-11-29,WI_HOBBIES,870
2014-11-29,WI_HOUSEHOLD,2430
2014-11-30,CA_FOODS,10770
2014-11-30,CA_HOBBIES,1540
2014-11-30,CA_HOUSEHOLD,4012
2014-11-30,TOTAL,35805
2014-11-30,TX_FOODS,6761
2014-11-30,TX_HOBBIES,923
2014-11-30,TX_HOUSEHOLD,2522
2014-11-30,WI_FOODS,6478
2014-11-30,WI_HOBBIES,787
2014-11-30,WI_HOUSEHOLD,2012
2014-12-01,CA_FOODS,9817
2014-12-01,CA_HOBBIES,2019
2014-12-01,CA_HOUSEHOLD,3679
2014-12-01,TOTAL,34305
2014-12-01,TX_FOODS,6354
2014-12-01,TX_HOBBIES,960
2014-12-01,TX_HOUSEHOLD,2243
2014-12-01,WI_FOODS,5702
2014-12-01,WI_HOBBIES,985
2014-12-01,WI_HOUSEHOLD,2546
2014-12-02,CA_FOODS,8266
2014-12-02,CA_HOBBIES,1608
2014-12-02,CA_HOUSEHOLD,2791
2014-12-02,TOTAL,30569
2014-12-02,TX_FOODS,5376
2014-12-02,TX_HOBBIES,893
2014-12-02,TX_HOUSEHOLD,1958
2014-12-02,WI_FOODS,7121
2014-12-02,WI_HOBBIES,763
2014-12-02,WI_HOUSEHOLD,1793
2014-12-03,CA_FOODS,8274
2014-12-03,CA_HOBBIES,1580
2014-12-03,CA_HOUSEHOLD,2736
2014-12-03,TOTAL,32605
2014-12-03,TX_FOODS,5979
2014-12-03,TX_HOBBIES,900
2014-12-03,TX_HOUSEHOLD,2157
2014-12-03,WI_FOODS,7983
2014-12-03,WI_HOBBIES,871
2014-12-03,WI_HOUSEHOLD,2125
2014-12-04,CA_FOODS,9571
2014-12-04,CA_HOBBIES,1721
2014-12-04,CA_HOUSEHOLD,3486
2014-12-04,TOTAL,31516
2014-12-04,TX_FOODS,4859
2014-12-04,TX_HOBBIES,727
2014-12-04,TX_HOUSEHOLD,1997
2014-12-04,WI_FOODS,6421
2014-12-04,WI_HOBBIES,793
2014-12-04,WI_HOUSEHOLD,1941
2014-12-05,CA_FOODS,9648
2014-12-05,CA_HOBBIES,1640
2014-12-05,CA_HOUSEHOLD,3809
2014-12-05,TOTAL,36963
2014-12-05,TX_FOODS,6310
2014-12-05,TX_HOBBIES,918
2014-12-05,TX_HOUSEHOLD,2449
2014-12-05,WI_FOODS,8676
2014-12-05,WI_HOBBIES,987
2014-12-05,WI_HOUSEHOLD,2526
2014-12-06,CA_FOODS,12193
2014-12-06,CA_HOBBIES,2336
2014-12-06,CA_HOUSEHOLD,4556
2014-12-06,TOTAL,43815
2014-12-06,TX_FOODS,7656
2014-12-06,TX_HOBBIES,1045
2014-12-06,TX_HOUSEHOLD,2878
2014-12-06,WI_FOODS,9752
2014-12-06,WI_HOBBIES,1070
2014-12-06,WI_HOUSEHOLD,2329
2014-12-07,CA_FOODS,12362
2014-12-07,CA_HOBBIES,1897
2014-12-07,CA_HOUSEHOLD,4514
2014-12-07,TOTAL,42527
2014-12-07,TX_FOODS,8499
2014-12-07,TX_HOBBIES,1196
2014-12-07,TX_HOUSEHOLD,2714
2014-12-07,WI_FOODS,8307
2014-12-07,WI_HOBBIES,913
2014-12-07,WI_HOUSEHOLD,2125
2014-12-08,CA_FOODS,10033
2014-12-08,CA_HOBBIES,1432
2014-12-08,CA_HOUSEHOLD,3022
2014-12-08,TOTAL,33114
2014-12-08,TX_FOODS,6093
2014-12-08,TX_HOBBIES,820
2014-12-08,TX_HOUSEHOLD,2100
2014-12-08,WI_FOODS,7397
2014-12-08,WI_HOBBIES,668
2014-12-08,WI_HOUSEHOLD,1549
2014-12-09,CA_FOODS,9550
2014-12-09,CA_HOBBIES,1737
2014-12-09,CA_HOUSEHOLD,3032
2014-12-09,TOTAL,32667
2014-12-09,TX_FOODS,6068
2014-12-09,TX_HOBBIES,931
2014-12-09,TX_HOUSEHOLD,1873
2014-12-09,WI_FOODS,7433
2014-12-09,WI_HOBBIES,684
2014-12-09,WI_HOUSEHOLD,1359
2014-12-10,CA_FOODS,10838
2014-12-10,CA_HOBBIES,1821
2014-12-10,CA_HOUSEHOLD,2867
2014-12-10,TOTAL,31898
2014-12-10,TX_FOODS,5266
2014-12-10,TX_HOBBIES,731
2014-12-10,TX_HOUSEHOLD,1902
2014-12-10,WI_FOODS,6188
2014-12-10,WI_HOBBIES,813
2014-12-10,WI_HOUSEHOLD,1472
2014-12-11,CA_FOODS,6005
2014-12-11,CA_HOBBIES,814
2014-12-11,CA_HOUSEHOLD,1766
2014-12-11,TOTAL,26115
2014-12-11,TX_FOODS,5598
2014-12-11,TX_HOBBIES,717
2014-12-11,TX_HOUSEHOLD,1846
2014-12-11,WI_FOODS,7221
2014-12-11,WI_HOBBIES,729
2014-12-11,WI_HOUSEHOLD,1419
2014-12-12,CA_FOODS,8853
2014-12-12,CA_HOBBIES,1610
2014-12-12,CA_HOUSEHOLD,2985
2014-12-12,TOTAL,33502
2014-12-12,TX_FOODS,6145
2014-12-12,TX_HOBBIES,930
2014-12-12,TX_HOUSEHOLD,2239
2014-12-12,WI_FOODS,8026
2014-12-12,WI_HOBBIES,811
2014-12-12,WI_HOUSEHOLD,1903
2014-12-13,CA_FOODS,10824
2014-12-13,CA_HOBBIES,2034
2014-12-13,CA_HOUSEHOLD,4321
2014-12-13,TOTAL,40036
2014-12-13,TX_FOODS,7620
2014-12-13,TX_HOBBIES,906
2014-12-13,TX_HOUSEHOLD,2677
2014-12-13,WI_FOODS,8284
2014-12-13,WI_HOBBIES,1086
2014-12-13,WI_HOUSEHOLD,2284
2014-12-14,CA_FOODS,11414
2014-12-14,CA_HOBBIES,1955
2014-12-14,CA_HOUSEHOLD,4465
2014-12-14,TOTAL,42006
2014-12-14,TX_FOODS,7949
2014-12-14,TX_HOBBIES,1141
2014-12-14,TX_HOUSEHOLD,2924
2014-12-14,WI_FOODS,9268
2014-12-14,WI_HOBBIES,897
2014-12-14,WI_HOUSEHOLD,1993
2014-12-15,CA_FOODS,8883
2014-12-15,CA_HOBBIES,1353
2014-12-15,CA_HOUSEHOLD,2750
2014-12-15,TOTAL,34127
2014-12-15,TX_FOODS,7347
2014-12-15,TX_HOBBIES,977
2014-12-15,TX_HOUSEHOLD,2438
2014-12-15,WI_FOODS,7905
2014-12-15,WI_HOBBIES,855
2014-12-15,WI_HOUSEHOLD,1619
2014-12-16,CA_FOODS,8024
2014-12-16,CA_HOBBIES,1593
2014-12-16,CA_HOUSEHOLD,2655
2014-12-16,TOTAL,29936
2014-12-16,TX_FOODS,6207
2014-12-16,TX_HOBBIES,819
2014-12-16,TX_HOUSEHOLD,2095
2014-12-16,WI_FOODS,6436
2014-12-16,WI_HOBBIES,713
2014-12-16,WI_HOUSEHOLD,1394
2014-12-17,CA_FOODS,8270
2014-12-17,CA_HOBBIES,1424
2014-12-17,CA_HOUSEHOLD,3022
2014-12-17,TOTAL,30152
2014-12-17,TX_FOODS,6494
2014-12-17,TX_HOBBIES,796
2014-12-17,TX_HOUSEHOLD,2094
2014-12-17,WI_FOODS,5811
2014-12-17,WI_HOBBIES,791
2014-12-17,WI_HOUSEHOLD,1450
2014-12-18,CA_FOODS,9100
2014-12-18,CA_HOBBIES,1571
2014-12-18,CA_HOUSEHOLD,2830
2014-12-18,TOTAL,32367
2014-12-18,TX_FOODS,7231
2014-12-18,TX_HOBBIES,906
2014-12-18,TX_HOUSEHOLD,1892
2014-12-18,WI_FOODS,6596
2014-12-18,WI_HOBBIES,661
2014-12-18,WI_HOUSEHOLD,1580
2014-12-19,CA_FOODS,8194
2014-12-19,CA_HOBBIES,1571
2014-12-19,CA_HOUSEHOLD,2667
2014-12-19,TOTAL,29834
2014-12-19,TX_FOODS,5507
2014-12-19,TX_HOBBIES,816
2014-12-19,TX_HOUSEHOLD,1903
2014-12-19,WI_FOODS,6390
2014-12-19,WI_HOBBIES,935
2014-12-19,WI_HOUSEHOLD,1851
2014-12-20,CA_FOODS,10630
2014-12-20,CA_HOBBIES,2137
2014-12-20,CA_HOUSEHOLD,3990
2014-12-20,TOTAL,38421
2014-12-20,TX_FOODS,7020
2014-12-20,TX_HOBBIES,1053
2014-12-20,TX_HOUSEHOLD,2666
2014-12-20,WI_FOODS,7453
2014-12-20,WI_HOBBIES,1157
2014-12-20,WI_HOUSEHOLD,2315
2014-12-21,CA_FOODS,11652
2014-12-21,CA_HOBBIES,1974
2014-12-21,CA_HOUSEHOLD,4189
2014-12-21,TOTAL,38488
2014-12-21,TX_FOODS,7181
2014-12-21,TX_HOBBIES,985
2014-12-21,TX_HOUSEHOLD,2583
2014-12-21,WI_FOODS,7093
2014-12-21,WI_HOBBIES,934
2014-12-21,WI_HOUSEHOLD,1897
2014-12-22,CA_FOODS,10310
2014-12-22,CA_HOBBIES,1803
2014-12-22,CA_HOUSEHOLD,3462
2014-12-22,TOTAL,33736
2014-12-22,TX_FOODS,6411
2014-12-22,TX_HOBBIES,892
2014-12-22,TX_HOUSEHOLD,2207
2014-12-22,WI_FOODS,6183
2014-12-22,WI_HOBBIES,759
2014-12-22,WI_HOUSEHOLD,1709
2014-12-23,CA_FOODS,10147
2014-12-23,CA_HOBBIES,1782
2014-12-23,CA_HOUSEHOLD,3243
2014-12-23,TOTAL,34862
2014-12-23,TX_FOODS,6489
2014-12-23,TX_HOBBIES,956
2014-12-23,TX_HOUSEHOLD,2279
2014-12-23,WI_FOODS,7257
2014-12-23,WI_HOBBIES,882
2014-12-23,WI_HOUSEHOLD,1827
2014-12-24,CA_FOODS,7979
2014-12-24,CA_HOBBIES,1208
2014-12-24,CA_HOUSEHOLD,2298
2014-12-24,TOTAL,29617
2014-12-24,TX_FOODS,6541
2014-12-24,TX_HOBBIES,682
2014-12-24,TX_HOUSEHOLD,1861
2014-12-24,WI_FOODS,6816
2014-12-24,WI_HOBBIES,674
2014-12-24,WI_HOUSEHOLD,1558
2014-12-25,CA_FOODS,8082
2014-12-25,CA_HOBBIES,1440
2014-12-25,CA_HOUSEHOLD,2814
2014-12-25,TOTAL,29410
2014-12-25,TX_FOODS,6291
2014-12-25,TX_HOBBIES,754
2014-12-25,TX_HOUSEHOLD,1816
2014-12-25,WI_FOODS,5860
2014-12-25,WI_HOBBIES,664
2014-12-25,WI_HOUSEHOLD,1690
2014-12-26,CA_FOODS,8342
2014-12-26,CA_HOBBIES,1520
2014-12-26,CA_HOUSEHOLD,3467
2014-12-26,TOTAL,32909
2014-12-26,TX_FOODS,6318
2014-12-26,TX_HOBBIES,1141
2014-12-26,TX_HOUSEHOLD,3048
2014-12-26,WI_FOODS,5928
2014-12-26,WI_HOBBIES,940
2014-12-26,WI_HOUSEHOLD,2205
2014-12-27,CA_FOODS,8967
2014-12-27,CA_HOBBIES,1686
2014-12-27,CA_HOUSEHOLD,3897
2014-12-27,TOTAL,32594
2014-12-27,TX_FOODS,5578
2014-12-27,TX_HOBBIES,912
2014-12-27,TX_HOUSEHOLD,2547
2014-12-27,WI_FOODS,5862
2014-12-27,WI_HOBBIES,944
2014-12-27,WI_HOUSEHOLD,2201
2014-12-28,CA_FOODS,9470
2014-12-28,CA_HOBBIES,1611
2014-12-28,CA_HOUSEHOLD,4041
2014-12-28,TOTAL,31894
2014-12-28,TX_FOODS,5485
2014-12-28,TX_HOBBIES,756
2014-12-28,TX_HOUSEHOLD,2234
2014-12-28,WI_FOODS,5708
2014-12-28,WI_HOBBIES,682
2014-12-28,WI_HOUSEHOLD,1907
2014-12-29,CA_FOODS,8324
2014-12-29,CA_HOBBIES,1621
2014-12-29,CA_HOUSEHOLD,3461
2014-12-29,TOTAL,29990
2014-12-29,TX_FOODS,5803
2014-12-29,TX_HOBBIES,833
2014-12-29,TX_HOUSEHOLD,2407
2014-12-29,WI_FOODS,5109
2014-12-29,WI_HOBBIES,741
2014-12-29,WI_HOUSEHOLD,1691
2014-12-30,CA_FOODS,8000
2014-12-30,CA_HOBBIES,1330
2014-12-30,CA_HOUSEHOLD,3055
2014-12-30,TOTAL,29417
2014-12-30,TX_FOODS,5725
2014-12-30,TX_HOBBIES,898
2014-12-30,TX_HOUSEHOLD,2358
2014-12-30,WI_FOODS,5644
2014-12-30,WI_HOBBIES,700
2014-12-30,WI_HOUSEHOLD,1707
2014-12-31,CA_FOODS,9112
2014-12-31,CA_HOBBIES,1452
2014-12-31,CA_HOUSEHOLD,2684
2014-12-31,TOTAL,33450
2014-12-31,TX_FOODS,6413
2014-12-31,TX_HOBBIES,839
2014-12-31,TX_HOUSEHOLD,2077
2014-12-31,WI_FOODS,7755
2014-12-31,WI_HOBBIES,757
2014-12-31,WI_HOUSEHOLD,2361
2015-01-01,CA_FOODS,7063
2015-01-01,CA_HOBBIES,1309
2015-01-01,CA_HOUSEHOLD,2797
2015-01-01,TOTAL,26452
2015-01-01,TX_FOODS,5351
2015-01-01,TX_HOBBIES,603
2015-01-01,TX_HOUSEHOLD,1739
2015-01-01,WI_FOODS,5123
2015-01-01,WI_HOBBIES,667
2015-01-01,WI_HOUSEHOLD,1800
2015-01-02,CA_FOODS,10211
2015-01-02,CA_HOBBIES,2060
2015-01-02,CA_HOUSEHOLD,3908
2015-01-02,TOTAL,39633
2015-01-02,TX_FOODS,6259
2015-01-02,TX_HOBBIES,1095
2015-01-02,TX_HOUSEHOLD,2561
2015-01-02,WI_FOODS,9196
2015-01-02,WI_HOBBIES,1207
2015-01-02,WI_HOUSEHOLD,3136
2015-01-03,CA_FOODS,11256
2015-01-03,CA_HOBBIES,1738
2015-01-03,CA_HOUSEHOLD,4416
2015-01-03,TOTAL,41085
2015-01-03,TX_FOODS,7140
2015-01-03,TX_HOBBIES,882
2015-01-03,TX_HOUSEHOLD,2669
2015-01-03,WI_FOODS,9624
2015-01-03,WI_HOBBIES,920
2015-01-03,WI_HOUSEHOLD,2440
2015-01-04,CA_FOODS,12931
2015-01-04,CA_HOBBIES,1793
2015-01-04,CA_HOUSEHOLD,3741
2015-01-04,TOTAL,39647
2015-01-04,TX_FOODS,7443
2015-01-04,TX_HOBBIES,932
2015-01-04,TX_HOUSEHOLD,2457
2015-01-04,WI_FOODS,7912
2015-01-04,WI_HOBBIES,757
2015-01-04,WI_HOUSEHOLD,1681
2015-01-05,CA_FOODS,10154
2015-01-05,CA_HOBBIES,1633
2015-01-05,CA_HOUSEHOLD,3046
2015-01-05,TOTAL,34691
2015-01-05,TX_FOODS,6896
2015-01-05,TX_HOBBIES,803
2015-01-05,TX_HOUSEHOLD,2151
2015-01-05,WI_FOODS,7846
2015-01-05,WI_HOBBIES,598
2015-01-05,WI_HOUSEHOLD,1564
2015-01-06,CA_FOODS,8841
2015-01-06,CA_HOBBIES,1321
2015-01-06,CA_HOUSEHOLD,2634
2015-01-06,TOTAL,32682
2015-01-06,TX_FOODS,6825
2015-01-06,TX_HOBBIES,888
2015-01-06,TX_HOUSEHOLD,1795
2015-01-06,WI_FOODS,8373
2015-01-06,WI_HOBBIES,653
2015-01-06,WI_HOUSEHOLD,1352
2015-01-07,CA_FOODS,8684
2015-01-07,CA_HOBBIES,1228
2015-01-07,CA_HOUSEHOLD,2389
2015-01-07,TOTAL,29165
2015-01-07,TX_FOODS,6788
2015-01-07,TX_HOBBIES,756
2015-01-07,TX_HOUSEHOLD,1869
2015-01-07,WI_FOODS,5761
2015-01-07,WI_HOBBIES,575
2015-01-07,WI_HOUSEHOLD,1115
2015-01-08,CA_FOODS,9023
2015-01-08,CA_HOBBIES,1370
2015-01-08,CA_HOUSEHOLD,2695
2015-01-08,TOTAL,29029
2015-01-08,TX_FOODS,5017
2015-01-08,TX_HOBBIES,757
2015-01-08,TX_HOUSEHOLD,1669
2015-01-08,WI_FOODS,7044
2015-01-08,WI_HOBBIES,414
2015-01-08,WI_HOUSEHOLD,1040
2015-01-09,CA_FOODS,9321
2015-01-09,CA_HOBBIES,1596
2015-01-09,CA_HOUSEHOLD,2948
2015-01-09,TOTAL,34385
2015-01-09,TX_FOODS,6328
2015-01-09,TX_HOBBIES,839
2015-01-09,TX_HOUSEHOLD,1834
2015-01-09,WI_FOODS,9073
2015-01-09,WI_HOBBIES,775
2015-01-09,WI_HOUSEHOLD,1671
2015-01-10,CA_FOODS,12969
2015-01-10,CA_HOBBIES,2088
2015-01-10,CA_HOUSEHOLD,4187
2015-01-10,TOTAL,43946
2015-01-10,TX_FOODS,7549
2015-01-10,TX_HOBBIES,964
2015-01-10,TX_HOUSEHOLD,2669
2015-01-10,WI_FOODS,9887
2015-01-10,WI_HOBBIES,1051
2015-01-10,WI_HOUSEHOLD,2582
2015-01-11,CA_FOODS,13443
2015-01-11,CA_HOBBIES,1741
2015-01-11,CA_HOUSEHOLD,4737
2015-01-11,TOTAL,45066
2015-01-11,TX_FOODS,8187
2015-01-11,TX_HOBBIES,961
2015-01-11,TX_HOUSEHOLD,3001
2015-01-11,WI_FOODS,10034
2015-01-11,WI_HOBBIES,687
2015-01-11,WI_HOUSEHOLD,2275
2015-01-12,CA_FOODS,9299
2015-01-12,CA_HOBBIES,1552
2015-01-12,CA_HOUSEHOLD,3213
2015-01-12,TOTAL,35574
2015-01-12,TX_FOODS,6967
2015-01-12,TX_HOBBIES,784
2015-01-12,TX_HOUSEHOLD,2137
2015-01-12,WI_FOODS,9077
2015-01-12,WI_HOBBIES,612
2015-01-12,WI_HOUSEHOLD,1933
2015-01-13,CA_FOODS,8304
2015-01-13,CA_HOBBIES,1448
2015-01-13,CA_HOUSEHOLD,2964
2015-01-13,TOTAL,30324
2015-01-13,TX_FOODS,6116
2015-01-13,TX_HOBBIES,771
2015-01-13,TX_HOUSEHOLD,1814
2015-01-13,WI_FOODS,6646
2015-01-13,WI_HOBBIES,667
2015-01-13,WI_HOUSEHOLD,1594
2015-01-14,CA_FOODS,8005
2015-01-14,CA_HOBBIES,1341
2015-01-14,CA_HOUSEHOLD,2684
2015-01-14,TOTAL,31059
2015-01-14,TX_FOODS,5537
2015-01-14,TX_HOBBIES,748
2015-01-14,TX_HOUSEHOLD,1955
2015-01-14,WI_FOODS,8387
2015-01-14,WI_HOBBIES,562
2015-01-14,WI_HOUSEHOLD,1840
2015-01-15,CA_FOODS,8251
2015-01-15,CA_HOBBIES,1425
2015-01-15,CA_HOUSEHOLD,2766
2015-01-15,TOTAL,33063
2015-01-15,TX_FOODS,6417
2015-01-15,TX_HOBBIES,806
2015-01-15,TX_HOUSEHOLD,2264
2015-01-15,WI_FOODS,8404
2015-01-15,WI_HOBBIES,659
2015-01-15,WI_HOUSEHOLD,2071
2015-01-16,CA_FOODS,9080
2015-01-16,CA_HOBBIES,1661
2015-01-16,CA_HOUSEHOLD,3256
2015-01-16,TOTAL,34889
2015-01-16,TX_FOODS,6196
2015-01-16,TX_HOBBIES,868
2015-01-16,TX_HOUSEHOLD,2454
2015-01-16,WI_FOODS,8173
2015-01-16,WI_HOBBIES,779
2015-01-16,WI_HOUSEHOLD,2422
2015-01-17,CA_FOODS,12142
2015-01-17,CA_HOBBIES,2032
2015-01-17,CA_HOUSEHOLD,4500
2015-01-17,TOTAL,45169
2015-01-17,TX_FOODS,7998
2015-01-17,TX_HOBBIES,1161
2015-01-17,TX_HOUSEHOLD,3105
2015-01-17,WI_FOODS,10033
2015-01-17,WI_HOBBIES,1057
2015-01-17,WI_HOUSEHOLD,3141
2015-01-18,CA_FOODS,11814
2015-01-18,CA_HOBBIES,1778
2015-01-18,CA_HOUSEHOLD,4603
2015-01-18,TOTAL,40724
2015-01-18,TX_FOODS,8006
2015-01-18,TX_HOBBIES,1176
2015-01-18,TX_HOUSEHOLD,2946
2015-01-18,WI_FOODS,7544
2015-01-18,WI_HOBBIES,701
2015-01-18,WI_HOUSEHOLD,2156
2015-01-19,CA_FOODS,9777
2015-01-19,CA_HOBBIES,1792
2015-01-19,CA_HOUSEHOLD,3966
2015-01-19,TOTAL,34412
2015-01-19,TX_FOODS,6720
2015-01-19,TX_HOBBIES,900
2015-01-19,TX_HOUSEHOLD,2494
2015-01-19,WI_FOODS,6189
2015-01-19,WI_HOBBIES,628
2015-01-19,WI_HOUSEHOLD,1946
2015-01-20,CA_FOODS,8267
2015-01-20,CA_HOBBIES,1429
2015-01-20,CA_HOUSEHOLD,2893
2015-01-20,TOTAL,28363
2015-01-20,TX_FOODS,5320
2015-01-20,TX_HOBBIES,761
2015-01-20,TX_HOUSEHOLD,2186
2015-01-20,WI_FOODS,5359
2015-01-20,WI_HOBBIES,579
2015-01-20,WI_HOUSEHOLD,1569
2015-01-21,CA_FOODS,7940
2015-01-21,CA_HOBBIES,1448
2015-01-21,CA_HOUSEHOLD,2913
2015-01-21,TOTAL,28109
2015-01-21,TX_FOODS,5442
2015-01-21,TX_HOBBIES,765
2015-01-21,TX_HOUSEHOLD,2086
2015-01-21,WI_FOODS,5298
2015-01-21,WI_HOBBIES,753
2015-01-21,WI_HOUSEHOLD,1464
2015-01-22,CA_FOODS,7612
2015-01-22,CA_HOBBIES,1332
2015-01-22,CA_HOUSEHOLD,2704
2015-01-22,TOTAL,25795
2015-01-22,TX_FOODS,4251
2015-01-22,TX_HOBBIES,688
2015-01-22,TX_HOUSEHOLD,1689
2015-01-22,WI_FOODS,5210
2015-01-22,WI_HOBBIES,703
2015-01-22,WI_HOUSEHOLD,1606
2015-01-23,CA_FOODS,8861
2015-01-23,CA_HOBBIES,1606
2015-01-23,CA_HOUSEHOLD,3258
2015-01-23,TOTAL,32221
2015-01-23,TX_FOODS,6206
2015-01-23,TX_HOBBIES,814
2015-01-23,TX_HOUSEHOLD,2255
2015-01-23,WI_FOODS,6452
2015-01-23,WI_HOBBIES,828
2015-01-23,WI_HOUSEHOLD,1941
2015-01-24,CA_FOODS,11827
2015-01-24,CA_HOBBIES,1935
2015-01-24,CA_HOUSEHOLD,4557
2015-01-24,TOTAL,42181
2015-01-24,TX_FOODS,7147
2015-01-24,TX_HOBBIES,1193
2015-01-24,TX_HOUSEHOLD,3082
2015-01-24,WI_FOODS,8473
2015-01-24,WI_HOBBIES,1152
2015-01-24,WI_HOUSEHOLD,2815
2015-01-25,CA_FOODS,12757
2015-01-25,CA_HOBBIES,2027
2015-01-25,CA_HOUSEHOLD,4794
2015-01-25,TOTAL,42623
2015-01-25,TX_FOODS,7899
2015-01-25,TX_HOBBIES,1326
2015-01-25,TX_HOUSEHOLD,2830
2015-01-25,WI_FOODS,7843
2015-01-25,WI_HOBBIES,828
2015-01-25,WI_HOUSEHOLD,2319
2015-01-26,CA_FOODS,8510
2015-01-26,CA_HOBBIES,1549
2015-01-26,CA_HOUSEHOLD,3071
2015-01-26,TOTAL,30358
2015-01-26,TX_FOODS,5951
2015-01-26,TX_HOBBIES,919
2015-01-26,TX_HOUSEHOLD,2185
2015-01-26,WI_FOODS,5746
2015-01-26,WI_HOBBIES,728
2015-01-26,WI_HOUSEHOLD,1699
2015-01-27,CA_FOODS,7698
2015-01-27,CA_HOBBIES,1383
2015-01-27,CA_HOUSEHOLD,2778
2015-01-27,TOTAL,27873
2015-01-27,TX_FOODS,5448
2015-01-27,TX_HOBBIES,703
2015-01-27,TX_HOUSEHOLD,1958
2015-01-27,WI_FOODS,5401
2015-01-27,WI_HOBBIES,706
2015-01-27,WI_HOUSEHOLD,1798
2015-01-28,CA_FOODS,7727
2015-01-28,CA_HOBBIES,1377
2015-01-28,CA_HOUSEHOLD,2721
2015-01-28,TOTAL,28104
2015-01-28,TX_FOODS,5479
2015-01-28,TX_HOBBIES,720
2015-01-28,TX_HOUSEHOLD,1890
2015-01-28,WI_FOODS,5600
2015-01-28,WI_HOBBIES,725
2015-01-28,WI_HOUSEHOLD,1865
2015-01-29,CA_FOODS,7686
2015-01-29,CA_HOBBIES,1597
2015-01-29,CA_HOUSEHOLD,2739
2015-01-29,TOTAL,28225
2015-01-29,TX_FOODS,5208
2015-01-29,TX_HOBBIES,908
2015-01-29,TX_HOUSEHOLD,2147
2015-01-29,WI_FOODS,5246
2015-01-29,WI_HOBBIES,748
2015-01-29,WI_HOUSEHOLD,1946
2015-01-30,CA_FOODS,9307
2015-01-30,CA_HOBBIES,1761
2015-01-30,CA_HOUSEHOLD,3472
2015-01-30,TOTAL,37440
2015-01-30,TX_FOODS,6084
2015-01-30,TX_HOBBIES,1196
2015-01-30,TX_HOUSEHOLD,3034
2015-01-30,WI_FOODS,7673
2015-01-30,WI_HOBBIES,1206
2015-01-30,WI_HOUSEHOLD,3707
2015-01-31,CA_FOODS,12425
2015-01-31,CA_HOBBIES,2402
2015-01-31,CA_HOUSEHOLD,4998
2015-01-31,TOTAL,50828
2015-01-31,TX_FOODS,7983
2015-01-31,TX_HOBBIES,1229
2015-01-31,TX_HOUSEHOLD,3786
2015-01-31,WI_FOODS,12060
2015-01-31,WI_HOBBIES,1552
2015-01-31,WI_HOUSEHOLD,4393
2015-02-01,CA_FOODS,12824
2015-02-01,CA_HOBBIES,2014
2015-02-01,CA_HOUSEHOLD,4681
2015-02-01,TOTAL,40385
2015-02-01,TX_FOODS,9492
2015-02-01,TX_HOBBIES,1279
2015-02-01,TX_HOUSEHOLD,3215
2015-02-01,WI_FOODS,5237
2015-02-01,WI_HOBBIES,283
2015-02-01,WI_HOUSEHOLD,1360
2015-02-02,CA_FOODS,9624
2015-02-02,CA_HOBBIES,1519
2015-02-02,CA_HOUSEHOLD,3460
2015-02-02,TOTAL,35006
2015-02-02,TX_FOODS,6355
2015-02-02,TX_HOBBIES,870
2015-02-02,TX_HOUSEHOLD,2390
2015-02-02,WI_FOODS,7820
2015-02-02,WI_HOBBIES,743
2015-02-02,WI_HOUSEHOLD,2225
2015-02-03,CA_FOODS,9358
2015-02-03,CA_HOBBIES,1741
2015-02-03,CA_HOUSEHOLD,3363
2015-02-03,TOTAL,37405
2015-02-03,TX_FOODS,6687
2015-02-03,TX_HOBBIES,977
2015-02-03,TX_HOUSEHOLD,2399
2015-02-03,WI_FOODS,9247
2015-02-03,WI_HOBBIES,998
2015-02-03,WI_HOUSEHOLD,2635
2015-02-04,CA_FOODS,8922
2015-02-04,CA_HOBBIES,1520
2015-02-04,CA_HOUSEHOLD,3235
2015-02-04,TOTAL,33992
2015-02-04,TX_FOODS,6388
2015-02-04,TX_HOBBIES,967
2015-02-04,TX_HOUSEHOLD,2529
2015-02-04,WI_FOODS,7218
2015-02-04,WI_HOBBIES,932
2015-02-04,WI_HOUSEHOLD,2281
2015-02-05,CA_FOODS,9187
2015-02-05,CA_HOBBIES,1847
2015-02-05,CA_HOUSEHOLD,3226
2015-02-05,TOTAL,34647
2015-02-05,TX_FOODS,5847
2015-02-05,TX_HOBBIES,1115
2015-02-05,TX_HOUSEHOLD,2211
2015-02-05,WI_FOODS,7968
2015-02-05,WI_HOBBIES,833
2015-02-05,WI_HOUSEHOLD,2413
2015-02-06,CA_FOODS,8372
2015-02-06,CA_HOBBIES,1454
2015-02-06,CA_HOUSEHOLD,3159
2015-02-06,TOTAL,36809
2015-02-06,TX_FOODS,7039
2015-02-06,TX_HOBBIES,946
2015-02-06,TX_HOUSEHOLD,2785
2015-02-06,WI_FOODS,9286
2015-02-06,WI_HOBBIES,1027
2015-02-06,WI_HOUSEHOLD,2741
2015-02-07,CA_FOODS,13913
2015-02-07,CA_HOBBIES,2196
2015-02-07,CA_HOUSEHOLD,5635
2015-02-07,TOTAL,50836
2015-02-07,TX_FOODS,8780
2015-02-07,TX_HOBBIES,1254
2015-02-07,TX_HOUSEHOLD,3461
2015-02-07,WI_FOODS,10700
2015-02-07,WI_HOBBIES,1428
2015-02-07,WI_HOUSEHOLD,3469
2015-02-08,CA_FOODS,13293
2015-02-08,CA_HOBBIES,1829
2015-02-08,CA_HOUSEHOLD,5221
2015-02-08,TOTAL,49719
2015-02-08,TX_FOODS,9159
2015-02-08,TX_HOBBIES,1292
2015-02-08,TX_HOUSEHOLD,3481
2015-02-08,WI_FOODS,11528
2015-02-08,WI_HOBBIES,861
2015-02-08,WI_HOUSEHOLD,3055
2015-02-09,CA_FOODS,11047
2015-02-09,CA_HOBBIES,1719
2015-02-09,CA_HOUSEHOLD,3810
2015-02-09,TOTAL,39170
2015-02-09,TX_FOODS,7645
2015-02-09,TX_HOBBIES,1054
2015-02-09,TX_HOUSEHOLD,2761
2015-02-09,WI_FOODS,8438
2015-02-09,WI_HOBBIES,641
2015-02-09,WI_HOUSEHOLD,2055
2015-02-10,CA_FOODS,10153
2015-02-10,CA_HOBBIES,1808
2015-02-10,CA_HOUSEHOLD,3458
2015-02-10,TOTAL,35464
2015-02-10,TX_FOODS,6445
2015-02-10,TX_HOBBIES,938
2015-02-10,TX_HOUSEHOLD,2530
2015-02-10,WI_FOODS,7103
2015-02-10,WI_HOBBIES,836
2015-02-10,WI_HOUSEHOLD,2193
2015-02-11,CA_FOODS,9220
2015-02-11,CA_HOBBIES,1532
2015-02-11,CA_HOUSEHOLD,3106
2015-02-11,TOTAL,35701
2015-02-11,TX_FOODS,7136
2015-02-11,TX_HOBBIES,968
2015-02-11,TX_HOUSEHOLD,2561
2015-02-11,WI_FOODS,8027
2015-02-11,WI_HOBBIES,913
2015-02-11,WI_HOUSEHOLD,2238
2015-02-12,CA_FOODS,9691
2015-02-12,CA_HOBBIES,1709
2015-02-12,CA_HOUSEHOLD,3411
2015-02-12,TOTAL,38570
2015-02-12,TX_FOODS,7769
2015-02-12,TX_HOBBIES,1052
2015-02-12,TX_HOUSEHOLD,2598
2015-02-12,WI_FOODS,9437
2015-02-12,WI_HOBBIES,844
2015-02-12,WI_HOUSEHOLD,2059
2015-02-13,CA_FOODS,9198
2015-02-13,CA_HOBBIES,1585
2015-02-13,CA_HOUSEHOLD,3171
2015-02-13,TOTAL,36936
2015-02-13,TX_FOODS,7409
2015-02-13,TX_HOBBIES,1095
2015-02-13,TX_HOUSEHOLD,2667
2015-02-13,WI_FOODS,8282
2015-02-13,WI_HOBBIES,1121
2015-02-13,WI_HOUSEHOLD,2408
2015-02-14,CA_FOODS,10148
2015-02-14,CA_HOBBIES,1909
2015-02-14,CA_HOUSEHOLD,3967
2015-02-14,TOTAL,41614
2015-02-14,TX_FOODS,7466
2015-02-14,TX_HOBBIES,1164
2015-02-14,TX_HOUSEHOLD,3105
2015-02-14,WI_FOODS,10045
2015-02-14,WI_HOBBIES,1046
2015-02-14,WI_HOUSEHOLD,2764
2015-02-15,CA_FOODS,10290
2015-02-15,CA_HOBBIES,1793
2015-02-15,CA_HOUSEHOLD,4551
2015-02-15,TOTAL,44007
2015-02-15,TX_FOODS,8485
2015-02-15,TX_HOBBIES,1287
2015-02-15,TX_HOUSEHOLD,3792
2015-02-15,WI_FOODS,9971
2015-02-15,WI_HOBBIES,993
2015-02-15,WI_HOUSEHOLD,2845
2015-02-16,CA_FOODS,9944
2015-02-16,CA_HOBBIES,1741
2015-02-16,CA_HOUSEHOLD,4550
2015-02-16,TOTAL,37147
2015-02-16,TX_FOODS,6452
2015-02-16,TX_HOBBIES,966
2015-02-16,TX_HOUSEHOLD,2841
2015-02-16,WI_FOODS,7592
2015-02-16,WI_HOBBIES,823
2015-02-16,WI_HOUSEHOLD,2238
2015-02-17,CA_FOODS,7932
2015-02-17,CA_HOBBIES,1486
2015-02-17,CA_HOUSEHOLD,3338
2015-02-17,TOTAL,30697
2015-02-17,TX_FOODS,5455
2015-02-17,TX_HOBBIES,931
2015-02-17,TX_HOUSEHOLD,2333
2015-02-17,WI_FOODS,6381
2015-02-17,WI_HOBBIES,858
2015-02-17,WI_HOUSEHOLD,1983
2015-02-18,CA_FOODS,7353
2015-02-18,CA_HOBBIES,1604
2015-02-18,CA_HOUSEHOLD,3047
2015-02-18,TOTAL,28505
2015-02-18,TX_FOODS,5209
2015-02-18,TX_HOBBIES,818
2015-02-18,TX_HOUSEHOLD,2399
2015-02-18,WI_FOODS,5563
2015-02-18,WI_HOBBIES,708
2015-02-18,WI_HOUSEHOLD,1804
2015-02-19,CA_FOODS,7253
2015-02-19,CA_HOBBIES,1524
2015-02-19,CA_HOUSEHOLD,2719
2015-02-19,TOTAL,28808
2015-02-19,TX_FOODS,5441
2015-02-19,TX_HOBBIES,945
2015-02-19,TX_HOUSEHOLD,2534
2015-02-19,WI_FOODS,5759
2015-02-19,WI_HOBBIES,765
2015-02-19,WI_HOUSEHOLD,1868
2015-02-20,CA_FOODS,8549
2015-02-20,CA_HOBBIES,1622
2015-02-20,CA_HOUSEHOLD,3423
2015-02-20,TOTAL,33119
2015-02-20,TX_FOODS,5799
2015-02-20,TX_HOBBIES,1018
2015-02-20,TX_HOUSEHOLD,2952
2015-02-20,WI_FOODS,6524
2015-02-20,WI_HOBBIES,1038
2015-02-20,WI_HOUSEHOLD,2194
2015-02-21,CA_FOODS,9663
2015-02-21,CA_HOBBIES,1796
2015-02-21,CA_HOUSEHOLD,4504
2015-02-21,TOTAL,42109
2015-02-21,TX_FOODS,7360
2015-02-21,TX_HOBBIES,1247
2015-02-21,TX_HOUSEHOLD,4030
2015-02-21,WI_FOODS,8827
2015-02-21,WI_HOBBIES,1261
2015-02-21,WI_HOUSEHOLD,3421
2015-02-22,CA_FOODS,11208
2015-02-22,CA_HOBBIES,2037
2015-02-22,CA_HOUSEHOLD,5104
2015-02-22,TOTAL,43759
2015-02-22,TX_FOODS,7730
2015-02-22,TX_HOBBIES,1313
2015-02-22,TX_HOUSEHOLD,3998
2015-02-22,WI_FOODS,7994
2015-02-22,WI_HOBBIES,992
2015-02-22,WI_HOUSEHOLD,3383
2015-02-23,CA_FOODS,8393
2015-02-23,CA_HOBBIES,1597
2015-02-23,CA_HOUSEHOLD,3698
2015-02-23,TOTAL,31522
2015-02-23,TX_FOODS,5586
2015-02-23,TX_HOBBIES,850
2015-02-23,TX_HOUSEHOLD,2707
2015-02-23,WI_FOODS,5694
2015-02-23,WI_HOBBIES,730
2015-02-23,WI_HOUSEHOLD,2267
2015-02-24,CA_FOODS,7580
2015-02-24,CA_HOBBIES,1460
2015-02-24,CA_HOUSEHOLD,3201
2015-02-24,TOTAL,29780
2015-02-24,TX_FOODS,5453
2015-02-24,TX_HOBBIES,893
2015-02-24,TX_HOUSEHOLD,2455
2015-02-24,WI_FOODS,5652
2015-02-24,WI_HOBBIES,768
2015-02-24,WI_HOUSEHOLD,2318
2015-02-25,CA_FOODS,7391
2015-02-25,CA_HOBBIES,1635
2015-02-25,CA_HOUSEHOLD,3332
2015-02-25,TOTAL,29227
2015-02-25,TX_FOODS,5214
2015-02-25,TX_HOBBIES,808
2015-02-25,TX_HOUSEHOLD,2627
2015-02-25,WI_FOODS,5217
2015-02-25,WI_HOBBIES,826
2015-02-25,WI_HOUSEHOLD,2177
2015-02-26,CA_FOODS,7273
2015-02-26,CA_HOBBIES,1665
2015-02-26,CA_HOUSEHOLD,3230
2015-02-26,TOTAL,29223
2015-02-26,TX_FOODS,5246
2015-02-26,TX_HOBBIES,958
2015-02-26,TX_HOUSEHOLD,2619
2015-02-26,WI_FOODS,5402
2015-02-26,WI_HOBBIES,648
2015-02-26,WI_HOUSEHOLD,2182
2015-02-27,CA_FOODS,8240
2015-02-27,CA_HOBBIES,1890
2015-02-27,CA_HOUSEHOLD,3664
2015-02-27,TOTAL,33566
2015-02-27,TX_FOODS,5153
2015-02-27,TX_HOBBIES,1063
2015-02-27,TX_HOUSEHOLD,2746
2015-02-27,WI_FOODS,6456
2015-02-27,WI_HOBBIES,1089
2015-02-27,WI_HOUSEHOLD,3265
2015-02-28,CA_FOODS,10825
2015-02-28,CA_HOBBIES,2256
2015-02-28,CA_HOUSEHOLD,5127
2015-02-28,TOTAL,44154
2015-02-28,TX_FOODS,6790
2015-02-28,TX_HOBBIES,1348
2015-02-28,TX_HOUSEHOLD,3657
2015-02-28,WI_FOODS,8759
2015-02-28,WI_HOBBIES,1310
2015-02-28,WI_HOUSEHOLD,4082
2015-03-01,CA_FOODS,12258
2015-03-01,CA_HOBBIES,2198
2015-03-01,CA_HOUSEHOLD,5040
2015-03-01,TOTAL,45186
2015-03-01,TX_FOODS,8304
2015-03-01,TX_HOBBIES,1359
2015-03-01,TX_HOUSEHOLD,3753
2015-03-01,WI_FOODS,8418
2015-03-01,WI_HOBBIES,1049
2015-03-01,WI_HOUSEHOLD,2807
2015-03-02,CA_FOODS,9229
2015-03-02,CA_HOBBIES,1643
2015-03-02,CA_HOUSEHOLD,3498
2015-03-02,TOTAL,35398
2015-03-02,TX_FOODS,6446
2015-03-02,TX_HOBBIES,947
2015-03-02,TX_HOUSEHOLD,2768
2015-03-02,WI_FOODS,7856
2015-03-02,WI_HOBBIES,900
2015-03-02,WI_HOUSEHOLD,2111
2015-03-03,CA_FOODS,8943
2015-03-03,CA_HOBBIES,1708
2015-03-03,CA_HOUSEHOLD,3529
2015-03-03,TOTAL,34387
2015-03-03,TX_FOODS,6542
2015-03-03,TX_HOBBIES,983
2015-03-03,TX_HOUSEHOLD,2880
2015-03-03,WI_FOODS,7576
2015-03-03,WI_HOBBIES,576
2015-03-03,WI_HOUSEHOLD,1650
2015-03-04,CA_FOODS,8380
2015-03-04,CA_HOBBIES,1576
2015-03-04,CA_HOUSEHOLD,3046
2015-03-04,TOTAL,31774
2015-03-04,TX_FOODS,5577
2015-03-04,TX_HOBBIES,945
2015-03-04,TX_HOUSEHOLD,2711
2015-03-04,WI_FOODS,6886
2015-03-04,WI_HOBBIES,780
2015-03-04,WI_HOUSEHOLD,1873
2015-03-05,CA_FOODS,8997
2015-03-05,CA_HOBBIES,1769
2015-03-05,CA_HOUSEHOLD,3040
2015-03-05,TOTAL,32819
2015-03-05,TX_FOODS,5706
2015-03-05,TX_HOBBIES,912
2015-03-05,TX_HOUSEHOLD,2334
2015-03-05,WI_FOODS,7460
2015-03-05,WI_HOBBIES,790
2015-03-05,WI_HOUSEHOLD,1811
2015-03-06,CA_FOODS,9570
2015-03-06,CA_HOBBIES,1721
2015-03-06,CA_HOUSEHOLD,3328
2015-03-06,TOTAL,35937
2015-03-06,TX_FOODS,6374
2015-03-06,TX_HOBBIES,815
2015-03-06,TX_HOUSEHOLD,2553
2015-03-06,WI_FOODS,8388
2015-03-06,WI_HOBBIES,903
2015-03-06,WI_HOUSEHOLD,2285
2015-03-07,CA_FOODS,11735
2015-03-07,CA_HOBBIES,2184
2015-03-07,CA_HOUSEHOLD,4521
2015-03-07,TOTAL,44229
2015-03-07,TX_FOODS,7816
2015-03-07,TX_HOBBIES,1135
2015-03-07,TX_HOUSEHOLD,3579
2015-03-07,WI_FOODS,9139
2015-03-07,WI_HOBBIES,1280
2015-03-07,WI_HOUSEHOLD,2840
2015-03-08,CA_FOODS,13136
2015-03-08,CA_HOBBIES,2241
2015-03-08,CA_HOUSEHOLD,5763
2015-03-08,TOTAL,47379
2015-03-08,TX_FOODS,7664
2015-03-08,TX_HOBBIES,1158
2015-03-08,TX_HOUSEHOLD,3258
2015-03-08,WI_FOODS,10139
2015-03-08,WI_HOBBIES,1053
2015-03-08,WI_HOUSEHOLD,2967
2015-03-09,CA_FOODS,9676
2015-03-09,CA_HOBBIES,1660
2015-03-09,CA_HOUSEHOLD,3935
2015-03-09,TOTAL,36020
2015-03-09,TX_FOODS,6702
2015-03-09,TX_HOBBIES,859
2015-03-09,TX_HOUSEHOLD,2360
2015-03-09,WI_FOODS,7778
2015-03-09,WI_HOBBIES,769
2015-03-09,WI_HOUSEHOLD,2281
2015-03-10,CA_FOODS,8709
2015-03-10,CA_HOBBIES,1405
2015-03-10,CA_HOUSEHOLD,3742
2015-03-10,TOTAL,33597
2015-03-10,TX_FOODS,6564
2015-03-10,TX_HOBBIES,1076
2015-03-10,TX_HOUSEHOLD,3101
2015-03-10,WI_FOODS,6089
2015-03-10,WI_HOBBIES,701
2015-03-10,WI_HOUSEHOLD,2210
2015-03-11,CA_FOODS,8184
2015-03-11,CA_HOBBIES,1670
2015-03-11,CA_HOUSEHOLD,3426
2015-03-11,TOTAL,32891
2015-03-11,TX_FOODS,6021
2015-03-11,TX_HOBBIES,883
2015-03-11,TX_HOUSEHOLD,2664
2015-03-11,WI_FOODS,7027
2015-03-11,WI_HOBBIES,728
2015-03-11,WI_HOUSEHOLD,2288
2015-03-12,CA_FOODS,8362
2015-03-12,CA_HOBBIES,1618
2015-03-12,CA_HOUSEHOLD,3308
2015-03-12,TOTAL,34391
2015-03-12,TX_FOODS,6637
2015-03-12,TX_HOBBIES,965
2015-03-12,TX_HOUSEHOLD,2592
2015-03-12,WI_FOODS,7791
2015-03-12,WI_HOBBIES,843
2015-03-12,WI_HOUSEHOLD,2275
2015-03-13,CA_FOODS,9539
2015-03-13,CA_HOBBIES,1516
2015-03-13,CA_HOUSEHOLD,3800
2015-03-13,TOTAL,36623
2015-03-13,TX_FOODS,7239
2015-03-13,TX_HOBBIES,1080
2015-03-13,TX_HOUSEHOLD,2935
2015-03-13,WI_FOODS,6884
2015-03-13,WI_HOBBIES,951
2015-03-13,WI_HOUSEHOLD,2679
2015-03-14,CA_FOODS,11383
2015-03-14,CA_HOBBIES,2097
2015-03-14,CA_HOUSEHOLD,5024
2015-03-14,TOTAL,44471
2015-03-14,TX_FOODS,7623
2015-03-14,TX_HOBBIES,1147
2015-03-14,TX_HOUSEHOLD,3439
2015-03-14,WI_FOODS,9347
2015-03-14,WI_HOBBIES,1007
2015-03-14,WI_HOUSEHOLD,3404
2015-03-15,CA_FOODS,13146
2015-03-15,CA_HOBBIES,2157
2015-03-15,CA_HOUSEHOLD,5509
2015-03-15,TOTAL,48827
2015-03-15,TX_FOODS,8864
2015-03-15,TX_HOBBIES,1318
2015-03-15,TX_HOUSEHOLD,3528
2015-03-15,WI_FOODS,10223
2015-03-15,WI_HOBBIES,1048
2015-03-15,WI_HOUSEHOLD,3034
2015-03-16,CA_FOODS,9068
2015-03-16,CA_HOBBIES,1775
2015-03-16,CA_HOUSEHOLD,3856
2015-03-16,TOTAL,35495
2015-03-16,TX_FOODS,7058
2015-03-16,TX_HOBBIES,967
2015-03-16,TX_HOUSEHOLD,2855
2015-03-16,WI_FOODS,6977
2015-03-16,WI_HOBBIES,833
2015-03-16,WI_HOUSEHOLD,2106
2015-03-17,CA_FOODS,8273
2015-03-17,CA_HOBBIES,1626
2015-03-17,CA_HOUSEHOLD,3254
2015-03-17,TOTAL,31412
2015-03-17,TX_FOODS,6548
2015-03-17,TX_HOBBIES,840
2015-03-17,TX_HOUSEHOLD,2360
2015-03-17,WI_FOODS,5965
2015-03-17,WI_HOBBIES,643
2015-03-17,WI_HOUSEHOLD,1903
2015-03-18,CA_FOODS,7859
2015-03-18,CA_HOBBIES,1492
2015-03-18,CA_HOUSEHOLD,3105
2015-03-18,TOTAL,29947
2015-03-18,TX_FOODS,5917
2015-03-18,TX_HOBBIES,876
2015-03-18,TX_HOUSEHOLD,2366
2015-03-18,WI_FOODS,5553
2015-03-18,WI_HOBBIES,832
2015-03-18,WI_HOUSEHOLD,1947
2015-03-19,CA_FOODS,7780
2015-03-19,CA_HOBBIES,1500
2015-03-19,CA_HOUSEHOLD,2977
2015-03-19,TOTAL,29369
2015-03-19,TX_FOODS,5893
2015-03-19,TX_HOBBIES,876
2015-03-19,TX_HOUSEHOLD,2456
2015-03-19,WI_FOODS,5297
2015-03-19,WI_HOBBIES,714
2015-03-19,WI_HOUSEHOLD,1876
2015-03-20,CA_FOODS,8805
2015-03-20,CA_HOBBIES,1623
2015-03-20,CA_HOUSEHOLD,3561
2015-03-20,TOTAL,32999
2015-03-20,TX_FOODS,6173
2015-03-20,TX_HOBBIES,1045
2015-03-20,TX_HOUSEHOLD,2709
2015-03-20,WI_FOODS,5809
2015-03-20,WI_HOBBIES,976
2015-03-20,WI_HOUSEHOLD,2298
2015-03-21,CA_FOODS,11484
2015-03-21,CA_HOBBIES,2051
2015-03-21,CA_HOUSEHOLD,5184
2015-03-21,TOTAL,41982
2015-03-21,TX_FOODS,6958
2015-03-21,TX_HOBBIES,927
2015-03-21,TX_HOUSEHOLD,3112
2015-03-21,WI_FOODS,7830
2015-03-21,WI_HOBBIES,1258
2015-03-21,WI_HOUSEHOLD,3178
2015-03-22,CA_FOODS,12402
2015-03-22,CA_HOBBIES,1967
2015-03-22,CA_HOUSEHOLD,5605
2015-03-22,TOTAL,44014
2015-03-22,TX_FOODS,7923
2015-03-22,TX_HOBBIES,1422
2015-03-22,TX_HOUSEHOLD,3484
2015-03-22,WI_FOODS,7499
2015-03-22,WI_HOBBIES,942
2015-03-22,WI_HOUSEHOLD,2770
2015-03-23,CA_FOODS,8990
2015-03-23,CA_HOBBIES,1523
2015-03-23,CA_HOUSEHOLD,3826
2015-03-23,TOTAL,32338
2015-03-23,TX_FOODS,6200
2015-03-23,TX_HOBBIES,986
2015-03-23,TX_HOUSEHOLD,2505
2015-03-23,WI_FOODS,5810
2015-03-23,WI_HOBBIES,740
2015-03-23,WI_HOUSEHOLD,1758
2015-03-24,CA_FOODS,7573
2015-03-24,CA_HOBBIES,1639
2015-03-24,CA_HOUSEHOLD,3292
2015-03-24,TOTAL,26841
2015-03-24,TX_FOODS,3829
2015-03-24,TX_HOBBIES,604
2015-03-24,TX_HOUSEHOLD,1638
2015-03-24,WI_FOODS,5605
2015-03-24,WI_HOBBIES,771
2015-03-24,WI_HOUSEHOLD,1890
2015-03-25,CA_FOODS,7844
2015-03-25,CA_HOBBIES,1519
2015-03-25,CA_HOUSEHOLD,3380
2015-03-25,TOTAL,31995
2015-03-25,TX_FOODS,7329
2015-03-25,TX_HOBBIES,1041
2015-03-25,TX_HOUSEHOLD,3092
2015-03-25,WI_FOODS,5213
2015-03-25,WI_HOBBIES,782
2015-03-25,WI_HOUSEHOLD,1795
2015-03-26,CA_FOODS,8253
2015-03-26,CA_HOBBIES,1504
2015-03-26,CA_HOUSEHOLD,3299
2015-03-26,TOTAL,29902
2015-03-26,TX_FOODS,5151
2015-03-26,TX_HOBBIES,921
2015-03-26,TX_HOUSEHOLD,2416
2015-03-26,WI_FOODS,5590
2015-03-26,WI_HOBBIES,753
2015-03-26,WI_HOUSEHOLD,2015
2015-03-27,CA_FOODS,8807
2015-03-27,CA_HOBBIES,1701
2015-03-27,CA_HOUSEHOLD,3469
2015-03-27,TOTAL,32535
2015-03-27,TX_FOODS,5578
2015-03-27,TX_HOBBIES,1006
2015-03-27,TX_HOUSEHOLD,2485
2015-03-27,WI_FOODS,6234
2015-03-27,WI_HOBBIES,1023
2015-03-27,WI_HOUSEHOLD,2232
2015-03-28,CA_FOODS,10973
2015-03-28,CA_HOBBIES,2004
2015-03-28,CA_HOUSEHOLD,4778
2015-03-28,TOTAL,41531
2015-03-28,TX_FOODS,7196
2015-03-28,TX_HOBBIES,1343
2015-03-28,TX_HOUSEHOLD,3116
2015-03-28,WI_FOODS,7812
2015-03-28,WI_HOBBIES,1328
2015-03-28,WI_HOUSEHOLD,2981
2015-03-29,CA_FOODS,12329
2015-03-29,CA_HOBBIES,2062
2015-03-29,CA_HOUSEHOLD,4837
2015-03-29,TOTAL,42583
2015-03-29,TX_FOODS,7947
2015-03-29,TX_HOBBIES,1223
2015-03-29,TX_HOUSEHOLD,3321
2015-03-29,WI_FOODS,7224
2015-03-29,WI_HOBBIES,929
2015-03-29,WI_HOUSEHOLD,2711
2015-03-30,CA_FOODS,9138
2015-03-30,CA_HOBBIES,1684
2015-03-30,CA_HOUSEHOLD,3679
2015-03-30,TOTAL,31899
2015-03-30,TX_FOODS,6095
2015-03-30,TX_HOBBIES,1015
2015-03-30,TX_HOUSEHOLD,2480
2015-03-30,WI_FOODS,5131
2015-03-30,WI_HOBBIES,736
2015-03-30,WI_HOUSEHOLD,1941
2015-03-31,CA_FOODS,8781
2015-03-31,CA_HOBBIES,1487
2015-03-31,CA_HOUSEHOLD,3502
2015-03-31,TOTAL,30956
2015-03-31,TX_FOODS,5717
2015-03-31,TX_HOBBIES,973
2015-03-31,TX_HOUSEHOLD,2546
2015-03-31,WI_FOODS,5158
2015-03-31,WI_HOBBIES,796
2015-03-31,WI_HOUSEHOLD,1996
2015-04-01,CA_FOODS,9187
2015-04-01,CA_HOBBIES,2047
2015-04-01,CA_HOUSEHOLD,3727
2015-04-01,TOTAL,35060
2015-04-01,TX_FOODS,7080
2015-04-01,TX_HOBBIES,894
2015-04-01,TX_HOUSEHOLD,2732
2015-04-01,WI_FOODS,5810
2015-04-01,WI_HOBBIES,906
2015-04-01,WI_HOUSEHOLD,2677
2015-04-02,CA_FOODS,9248
2015-04-02,CA_HOBBIES,1747
2015-04-02,CA_HOUSEHOLD,3595
2015-04-02,TOTAL,33817
2015-04-02,TX_FOODS,6011
2015-04-02,TX_HOBBIES,841
2015-04-02,TX_HOUSEHOLD,2338
2015-04-02,WI_FOODS,7093
2015-04-02,WI_HOBBIES,797
2015-04-02,WI_HOUSEHOLD,2147
2015-04-03,CA_FOODS,11322
2015-04-03,CA_HOBBIES,2012
2015-04-03,CA_HOUSEHOLD,4202
2015-04-03,TOTAL,44108
2015-04-03,TX_FOODS,8517
2015-04-03,TX_HOBBIES,1184
2015-04-03,TX_HOUSEHOLD,3144
2015-04-03,WI_FOODS,9486
2015-04-03,WI_HOBBIES,1188
2015-04-03,WI_HOUSEHOLD,3053
2015-04-04,CA_FOODS,14136
2015-04-04,CA_HOBBIES,2166
2015-04-04,CA_HOUSEHOLD,5199
2015-04-04,TOTAL,48419
2015-04-04,TX_FOODS,8613
2015-04-04,TX_HOBBIES,1220
2015-04-04,TX_HOUSEHOLD,3387
2015-04-04,WI_FOODS,9292
2015-04-04,WI_HOBBIES,1414
2015-04-04,WI_HOUSEHOLD,2992
2015-04-05,CA_FOODS,11390
2015-04-05,CA_HOBBIES,1808
2015-04-05,CA_HOUSEHOLD,5228
2015-04-05,TOTAL,41636
2015-04-05,TX_FOODS,8531
2015-04-05,TX_HOBBIES,1087
2015-04-05,TX_HOUSEHOLD,3171
2015-04-05,WI_FOODS,7714
2015-04-05,WI_HOBBIES,784
2015-04-05,WI_HOUSEHOLD,1923
2015-04-06,CA_FOODS,9047
2015-04-06,CA_HOBBIES,2006
2015-04-06,CA_HOUSEHOLD,3946
2015-04-06,TOTAL,36215
2015-04-06,TX_FOODS,6942
2015-04-06,TX_HOBBIES,1025
2015-04-06,TX_HOUSEHOLD,2789
2015-04-06,WI_FOODS,7589
2015-04-06,WI_HOBBIES,785
2015-04-06,WI_HOUSEHOLD,2086
2015-04-07,CA_FOODS,8766
2015-04-07,CA_HOBBIES,1932
2015-04-07,CA_HOUSEHOLD,3525
2015-04-07,TOTAL,33911
2015-04-07,TX_FOODS,6682
2015-04-07,TX_HOBBIES,1120
2015-04-07,TX_HOUSEHOLD,2613
2015-04-07,WI_FOODS,6618
2015-04-07,WI_HOBBIES,712
2015-04-07,WI_HOUSEHOLD,1943
2015-04-08,CA_FOODS,8892
2015-04-08,CA_HOBBIES,1676
2015-04-08,CA_HOUSEHOLD,3569
2015-04-08,TOTAL,34149
2015-04-08,TX_FOODS,6056
2015-04-08,TX_HOBBIES,977
2015-04-08,TX_HOUSEHOLD,2545
2015-04-08,WI_FOODS,7465
2015-04-08,WI_HOBBIES,881
2015-04-08,WI_HOUSEHOLD,2088
2015-04-09,CA_FOODS,8468
2015-04-09,CA_HOBBIES,1567
2015-04-09,CA_HOUSEHOLD,3507
2015-04-09,TOTAL,34437
2015-04-09,TX_FOODS,6842
2015-04-09,TX_HOBBIES,1035
2015-04-09,TX_HOUSEHOLD,2684
2015-04-09,WI_FOODS,7546
2015-04-09,WI_HOBBIES,706
2015-04-09,WI_HOUSEHOLD,2082
2015-04-10,CA_FOODS,9836
2015-04-10,CA_HOBBIES,1871
2015-04-10,CA_HOUSEHOLD,3866
2015-04-10,TOTAL,36853
2015-04-10,TX_FOODS,6152
2015-04-10,TX_HOBBIES,1068
2015-04-10,TX_HOUSEHOLD,2895
2015-04-10,WI_FOODS,7353
2015-04-10,WI_HOBBIES,1008
2015-04-10,WI_HOUSEHOLD,2804
2015-04-11,CA_FOODS,11400
2015-04-11,CA_HOBBIES,2087
2015-04-11,CA_HOUSEHOLD,4889
2015-04-11,TOTAL,45272
2015-04-11,TX_FOODS,7965
2015-04-11,TX_HOBBIES,1216
2015-04-11,TX_HOUSEHOLD,3794
2015-04-11,WI_FOODS,9375
2015-04-11,WI_HOBBIES,1219
2015-04-11,WI_HOUSEHOLD,3327
2015-04-12,CA_FOODS,12320
2015-04-12,CA_HOBBIES,2026
2015-04-12,CA_HOUSEHOLD,5290
2015-04-12,TOTAL,47180
2015-04-12,TX_FOODS,8907
2015-04-12,TX_HOBBIES,1205
2015-04-12,TX_HOUSEHOLD,3712
2015-04-12,WI_FOODS,9950
2015-04-12,WI_HOBBIES,925
2015-04-12,WI_HOUSEHOLD,2845
2015-04-13,CA_FOODS,8476
2015-04-13,CA_HOBBIES,1461
2015-04-13,CA_HOUSEHOLD,3411
2015-04-13,TOTAL,34494
2015-04-13,TX_FOODS,7548
2015-04-13,TX_HOBBIES,1003
2015-04-13,TX_HOUSEHOLD,2914
2015-04-13,WI_FOODS,6803
2015-04-13,WI_HOBBIES,727
2015-04-13,WI_HOUSEHOLD,2151
2015-04-14,CA_FOODS,8268
2015-04-14,CA_HOBBIES,1742
2015-04-14,CA_HOUSEHOLD,3421
2015-04-14,TOTAL,33597
2015-04-14,TX_FOODS,5874
2015-04-14,TX_HOBBIES,837
2015-04-14,TX_HOUSEHOLD,2410
2015-04-14,WI_FOODS,8326
2015-04-14,WI_HOBBIES,751
2015-04-14,WI_HOUSEHOLD,1968
2015-04-15,CA_FOODS,8280
2015-04-15,CA_HOBBIES,1527
2015-04-15,CA_HOUSEHOLD,3273
2015-04-15,TOTAL,34690
2015-04-15,TX_FOODS,6688
2015-04-15,TX_HOBBIES,1091
2015-04-15,TX_HOUSEHOLD,2607
2015-04-15,WI_FOODS,8151
2015-04-15,WI_HOBBIES,868
2015-04-15,WI_HOUSEHOLD,2205
2015-04-16,CA_FOODS,8512
2015-04-16,CA_HOBBIES,1661
2015-04-16,CA_HOUSEHOLD,3337
2015-04-16,TOTAL,31431
2015-04-16,TX_FOODS,5852
2015-04-16,TX_HOBBIES,662
2015-04-16,TX_HOUSEHOLD,2288
2015-04-16,WI_FOODS,6444
2015-04-16,WI_HOBBIES,668
2015-04-16,WI_HOUSEHOLD,2007
2015-04-17,CA_FOODS,9316
2015-04-17,CA_HOBBIES,1378
2015-04-17,CA_HOUSEHOLD,3575
2015-04-17,TOTAL,33059
2015-04-17,TX_FOODS,5936
2015-04-17,TX_HOBBIES,836
2015-04-17,TX_HOUSEHOLD,2437
2015-04-17,WI_FOODS,6572
2015-04-17,WI_HOBBIES,659
2015-04-17,WI_HOUSEHOLD,2350
2015-04-18,CA_FOODS,10688
2015-04-18,CA_HOBBIES,1932
2015-04-18,CA_HOUSEHOLD,4618
2015-04-18,TOTAL,42516
2015-04-18,TX_FOODS,8045
2015-04-18,TX_HOBBIES,1245
2015-04-18,TX_HOUSEHOLD,3756
2015-04-18,WI_FOODS,8049
2015-04-18,WI_HOBBIES,1208
2015-04-18,WI_HOUSEHOLD,2975
2015-04-19,CA_FOODS,12083
2015-04-19,CA_HOBBIES,2077
2015-04-19,CA_HOUSEHOLD,5357
2015-04-19,TOTAL,44359
2015-04-19,TX_FOODS,7887
2015-04-19,TX_HOBBIES,1229
2015-04-19,TX_HOUSEHOLD,3459
2015-04-19,WI_FOODS,8444
2015-04-19,WI_HOBBIES,1058
2015-04-19,WI_HOUSEHOLD,2765
2015-04-20,CA_FOODS,8579
2015-04-20,CA_HOBBIES,1568
2015-04-20,CA_HOUSEHOLD,4055
2015-04-20,TOTAL,33118
2015-04-20,TX_FOODS,6560
2015-04-20,TX_HOBBIES,922
2015-04-20,TX_HOUSEHOLD,2742
2015-04-20,WI_FOODS,5826
2015-04-20,WI_HOBBIES,775
2015-04-20,WI_HOUSEHOLD,2091
2015-04-21,CA_FOODS,7953
2015-04-21,CA_HOBBIES,1723
2015-04-21,CA_HOUSEHOLD,3491
2015-04-21,TOTAL,30227
2015-04-21,TX_FOODS,5616
2015-04-21,TX_HOBBIES,841
2015-04-21,TX_HOUSEHOLD,2422
2015-04-21,WI_FOODS,5670
2015-04-21,WI_HOBBIES,753
2015-04-21,WI_HOUSEHOLD,1758
2015-04-22,CA_FOODS,8047
2015-04-22,CA_HOBBIES,1718
2015-04-22,CA_HOUSEHOLD,3334
2015-04-22,TOTAL,30382
2015-04-22,TX_FOODS,5598
2015-04-22,TX_HOBBIES,954
2015-04-22,TX_HOUSEHOLD,2374
2015-04-22,WI_FOODS,5628
2015-04-22,WI_HOBBIES,823
2015-04-22,WI_HOUSEHOLD,1906
2015-04-23,CA_FOODS,8552
2015-04-23,CA_HOBBIES,1619
2015-04-23,CA_HOUSEHOLD,3498
2015-04-23,TOTAL,30658
2015-04-23,TX_FOODS,5474
2015-04-23,TX_HOBBIES,912
2015-04-23,TX_HOUSEHOLD,2415
2015-04-23,WI_FOODS,5355
2015-04-23,WI_HOBBIES,810
2015-04-23,WI_HOUSEHOLD,2023
2015-04-24,CA_FOODS,9146
2015-04-24,CA_HOBBIES,1927
2015-04-24,CA_HOUSEHOLD,3760
2015-04-24,TOTAL,34423
2015-04-24,TX_FOODS,6289
2015-04-24,TX_HOBBIES,1061
2015-04-24,TX_HOUSEHOLD,2411
2015-04-24,WI_FOODS,6495
2015-04-24,WI_HOBBIES,1027
2015-04-24,WI_HOUSEHOLD,2307
2015-04-25,CA_FOODS,11782
2015-04-25,CA_HOBBIES,2065
2015-04-25,CA_HOUSEHOLD,5224
2015-04-25,TOTAL,43598
2015-04-25,TX_FOODS,7498
2015-04-25,TX_HOBBIES,1240
2015-04-25,TX_HOUSEHOLD,3311
2015-04-25,WI_FOODS,8268
2015-04-25,WI_HOBBIES,1214
2015-04-25,WI_HOUSEHOLD,2996
2015-04-26,CA_FOODS,12069
2015-04-26,CA_HOBBIES,2293
2015-04-26,CA_HOUSEHOLD,5064
2015-04-26,TOTAL,43406
2015-04-26,TX_FOODS,8030
2015-04-26,TX_HOBBIES,1199
2015-04-26,TX_HOUSEHOLD,3158
2015-04-26,WI_FOODS,8044
2015-04-26,WI_HOBBIES,971
2015-04-26,WI_HOUSEHOLD,2578
2015-04-27,CA_FOODS,9521
2015-04-27,CA_HOBBIES,1745
2015-04-27,CA_HOUSEHOLD,3507
2015-04-27,TOTAL,33444
2015-04-27,TX_FOODS,6322
2015-04-27,TX_HOBBIES,955
2015-04-27,TX_HOUSEHOLD,2596
2015-04-27,WI_FOODS,6266
2015-04-27,WI_HOBBIES,712
2015-04-27,WI_HOUSEHOLD,1820
2015-04-28,CA_FOODS,8240
2015-04-28,CA_HOBBIES,1462
2015-04-28,CA_HOUSEHOLD,3342
2015-04-28,TOTAL,29750
2015-04-28,TX_FOODS,5658
2015-04-28,TX_HOBBIES,890
2015-04-28,TX_HOUSEHOLD,2257
2015-04-28,WI_FOODS,5478
2015-04-28,WI_HOBBIES,746
2015-04-28,WI_HOUSEHOLD,1677
2015-04-29,CA_FOODS,7884
2015-04-29,CA_HOBBIES,1658
2015-04-29,CA_HOUSEHOLD,2967
2015-04-29,TOTAL,28667
2015-04-29,TX_FOODS,5320
2015-04-29,TX_HOBBIES,1040
2015-04-29,TX_HOUSEHOLD,2219
2015-04-29,WI_FOODS,5236
2015-04-29,WI_HOBBIES,668
2015-04-29,WI_HOUSEHOLD,1675
2015-04-30,CA_FOODS,8380
2015-04-30,CA_HOBBIES,1569
2015-04-30,CA_HOUSEHOLD,3036
2015-04-30,TOTAL,30553
2015-04-30,TX_FOODS,5791
2015-04-30,TX_HOBBIES,934
2015-04-30,TX_HOUSEHOLD,2242
2015-04-30,WI_FOODS,5883
2015-04-30,WI_HOBBIES,815
2015-04-30,WI_HOUSEHOLD,1903
2015-05-01,CA_FOODS,11139
2015-05-01,CA_HOBBIES,2034
2015-05-01,CA_HOUSEHOLD,3995
2015-05-01,TOTAL,40976
2015-05-01,TX_FOODS,7771
2015-05-01,TX_HOBBIES,1273
2015-05-01,TX_HOUSEHOLD,3194
2015-05-01,WI_FOODS,7282
2015-05-01,WI_HOBBIES,1007
2015-05-01,WI_HOUSEHOLD,3281
2015-05-02,CA_FOODS,12667
2015-05-02,CA_HOBBIES,2146
2015-05-02,CA_HOUSEHOLD,4684
2015-05-02,TOTAL,47052
2015-05-02,TX_FOODS,8610
2015-05-02,TX_HOBBIES,1127
2015-05-02,TX_HOUSEHOLD,3515
2015-05-02,WI_FOODS,10138
2015-05-02,WI_HOBBIES,1039
2015-05-02,WI_HOUSEHOLD,3126
2015-05-03,CA_FOODS,13024
2015-05-03,CA_HOBBIES,1950
2015-05-03,CA_HOUSEHOLD,5420
2015-05-03,TOTAL,49102
2015-05-03,TX_FOODS,9027
2015-05-03,TX_HOBBIES,1305
2015-05-03,TX_HOUSEHOLD,3527
2015-05-03,WI_FOODS,10959
2015-05-03,WI_HOBBIES,1060
2015-05-03,WI_HOUSEHOLD,2830
2015-05-04,CA_FOODS,10846
2015-05-04,CA_HOBBIES,1984
2015-05-04,CA_HOUSEHOLD,4201
2015-05-04,TOTAL,38169
2015-05-04,TX_FOODS,6531
2015-05-04,TX_HOBBIES,1032
2015-05-04,TX_HOUSEHOLD,2813
2015-05-04,WI_FOODS,7394
2015-05-04,WI_HOBBIES,911
2015-05-04,WI_HOUSEHOLD,2457
2015-05-05,CA_FOODS,9519
2015-05-05,CA_HOBBIES,1698
2015-05-05,CA_HOUSEHOLD,3392
2015-05-05,TOTAL,35089
2015-05-05,TX_FOODS,6500
2015-05-05,TX_HOBBIES,866
2015-05-05,TX_HOUSEHOLD,2398
2015-05-05,WI_FOODS,7928
2015-05-05,WI_HOBBIES,753
2015-05-05,WI_HOUSEHOLD,2035
2015-05-06,CA_FOODS,8907
2015-05-06,CA_HOBBIES,1858
2015-05-06,CA_HOUSEHOLD,3627
2015-05-06,TOTAL,35296
2015-05-06,TX_FOODS,6741
2015-05-06,TX_HOBBIES,990
2015-05-06,TX_HOUSEHOLD,2335
2015-05-06,WI_FOODS,8121
2015-05-06,WI_HOBBIES,778
2015-05-06,WI_HOUSEHOLD,1939
2015-05-07,CA_FOODS,8819
2015-05-07,CA_HOBBIES,1583
2015-05-07,CA_HOUSEHOLD,3288
2015-05-07,TOTAL,33321
2015-05-07,TX_FOODS,7080
2015-05-07,TX_HOBBIES,1092
2015-05-07,TX_HOUSEHOLD,2490
2015-05-07,WI_FOODS,6322
2015-05-07,WI_HOBBIES,775
2015-05-07,WI_HOUSEHOLD,1872
2015-05-08,CA_FOODS,9752
2015-05-08,CA_HOBBIES,2066
2015-05-08,CA_HOUSEHOLD,3756
2015-05-08,TOTAL,37424
2015-05-08,TX_FOODS,6109
2015-05-08,TX_HOBBIES,1178
2015-05-08,TX_HOUSEHOLD,2665
2015-05-08,WI_FOODS,8534
2015-05-08,WI_HOBBIES,984
2015-05-08,WI_HOUSEHOLD,2380
2015-05-09,CA_FOODS,12306
2015-05-09,CA_HOBBIES,2066
2015-05-09,CA_HOUSEHOLD,4754
2015-05-09,TOTAL,47269
2015-05-09,TX_FOODS,8684
2015-05-09,TX_HOBBIES,1312
2015-05-09,TX_HOUSEHOLD,3240
2015-05-09,WI_FOODS,10507
2015-05-09,WI_HOBBIES,1130
2015-05-09,WI_HOUSEHOLD,3270
2015-05-10,CA_FOODS,10616
2015-05-10,CA_HOBBIES,1800
2015-05-10,CA_HOUSEHOLD,4107
2015-05-10,TOTAL,38030
2015-05-10,TX_FOODS,7566
2015-05-10,TX_HOBBIES,1127
2015-05-10,TX_HOUSEHOLD,2674
2015-05-10,WI_FOODS,7212
2015-05-10,WI_HOBBIES,835
2015-05-10,WI_HOUSEHOLD,2093
2015-05-11,CA_FOODS,9825
2015-05-11,CA_HOBBIES,1876
2015-05-11,CA_HOUSEHOLD,3826
2015-05-11,TOTAL,37192
2015-05-11,TX_FOODS,7229
2015-05-11,TX_HOBBIES,1089
2015-05-11,TX_HOUSEHOLD,2963
2015-05-11,WI_FOODS,7604
2015-05-11,WI_HOBBIES,742
2015-05-11,WI_HOUSEHOLD,2038
2015-05-12,CA_FOODS,8596
2015-05-12,CA_HOBBIES,1778
2015-05-12,CA_HOUSEHOLD,3485
2015-05-12,TOTAL,35033
2015-05-12,TX_FOODS,6634
2015-05-12,TX_HOBBIES,879
2015-05-12,TX_HOUSEHOLD,2599
2015-05-12,WI_FOODS,8423
2015-05-12,WI_HOBBIES,735
2015-05-12,WI_HOUSEHOLD,1904
2015-05-13,CA_FOODS,8673
2015-05-13,CA_HOBBIES,1695
2015-05-13,CA_HOUSEHOLD,3571
2015-05-13,TOTAL,33685
2015-05-13,TX_FOODS,6875
2015-05-13,TX_HOBBIES,1040
2015-05-13,TX_HOUSEHOLD,2652
2015-05-13,WI_FOODS,6484
2015-05-13,WI_HOBBIES,739
2015-05-13,WI_HOUSEHOLD,1956
2015-05-14,CA_FOODS,7704
2015-05-14,CA_HOBBIES,1457
2015-05-14,CA_HOUSEHOLD,3165
2015-05-14,TOTAL,32054
2015-05-14,TX_FOODS,6125
2015-05-14,TX_HOBBIES,935
2015-05-14,TX_HOUSEHOLD,2519
2015-05-14,WI_FOODS,7261
2015-05-14,WI_HOBBIES,778
2015-05-14,WI_HOUSEHOLD,2110
2015-05-15,CA_FOODS,9361
2015-05-15,CA_HOBBIES,1834
2015-05-15,CA_HOUSEHOLD,4060
2015-05-15,TOTAL,37764
2015-05-15,TX_FOODS,6945
2015-05-15,TX_HOBBIES,1081
2015-05-15,TX_HOUSEHOLD,2933
2015-05-15,WI_FOODS,8077
2015-05-15,WI_HOBBIES,917
2015-05-15,WI_HOUSEHOLD,2556
2015-05-16,CA_FOODS,11016
2015-05-16,CA_HOBBIES,2231
2015-05-16,CA_HOUSEHOLD,5269
2015-05-16,TOTAL,44336
2015-05-16,TX_FOODS,8143
2015-05-16,TX_HOBBIES,1323
2015-05-16,TX_HOUSEHOLD,4007
2015-05-16,WI_FOODS,8348
2015-05-16,WI_HOBBIES,979
2015-05-16,WI_HOUSEHOLD,3020
2015-05-17,CA_FOODS,11506
2015-05-17,CA_HOBBIES,1959
2015-05-17,CA_HOUSEHOLD,5429
2015-05-17,TOTAL,44493
2015-05-17,TX_FOODS,7873
2015-05-17,TX_HOBBIES,1474
2015-05-17,TX_HOUSEHOLD,3660
2015-05-17,WI_FOODS,8689
2015-05-17,WI_HOBBIES,1020
2015-05-17,WI_HOUSEHOLD,2883
2015-05-18,CA_FOODS,8983
2015-05-18,CA_HOBBIES,1631
2015-05-18,CA_HOUSEHOLD,3929
2015-05-18,TOTAL,34296
2015-05-18,TX_FOODS,6530
2015-05-18,TX_HOBBIES,1030
2015-05-18,TX_HOUSEHOLD,2824
2015-05-18,WI_FOODS,6402
2015-05-18,WI_HOBBIES,792
2015-05-18,WI_HOUSEHOLD,2175
2015-05-19,CA_FOODS,7967
2015-05-19,CA_HOBBIES,1686
2015-05-19,CA_HOUSEHOLD,3362
2015-05-19,TOTAL,30671
2015-05-19,TX_FOODS,5610
2015-05-19,TX_HOBBIES,951
2015-05-19,TX_HOUSEHOLD,2547
2015-05-19,WI_FOODS,5858
2015-05-19,WI_HOBBIES,826
2015-05-19,WI_HOUSEHOLD,1864
2015-05-20,CA_FOODS,7875
2015-05-20,CA_HOBBIES,1738
2015-05-20,CA_HOUSEHOLD,3328
2015-05-20,TOTAL,31158
2015-05-20,TX_FOODS,5793
2015-05-20,TX_HOBBIES,992
2015-05-20,TX_HOUSEHOLD,2643
2015-05-20,WI_FOODS,5846
2015-05-20,WI_HOBBIES,808
2015-05-20,WI_HOUSEHOLD,2135
2015-05-21,CA_FOODS,8199
2015-05-21,CA_HOBBIES,1811
2015-05-21,CA_HOUSEHOLD,3331
2015-05-21,TOTAL,30601
2015-05-21,TX_FOODS,5487
2015-05-21,TX_HOBBIES,897
2015-05-21,TX_HOUSEHOLD,2451
2015-05-21,WI_FOODS,5714
2015-05-21,WI_HOBBIES,734
2015-05-21,WI_HOUSEHOLD,1977
2015-05-22,CA_FOODS,10023
2015-05-22,CA_HOBBIES,2030
2015-05-22,CA_HOUSEHOLD,3851
2015-05-22,TOTAL,36267
2015-05-22,TX_FOODS,6248
2015-05-22,TX_HOBBIES,1144
2015-05-22,TX_HOUSEHOLD,2914
2015-05-22,WI_FOODS,6563
2015-05-22,WI_HOBBIES,1003
2015-05-22,WI_HOUSEHOLD,2491
2015-05-23,CA_FOODS,10182
2015-05-23,CA_HOBBIES,2249
2015-05-23,CA_HOUSEHOLD,4766
2015-05-23,TOTAL,39975
2015-05-23,TX_FOODS,7211
2015-05-23,TX_HOBBIES,1490
2015-05-23,TX_HOUSEHOLD,3455
2015-05-23,WI_FOODS,6894
2015-05-23,WI_HOBBIES,1104
2015-05-23,WI_HOUSEHOLD,2624
2015-05-24,CA_FOODS,10184
2015-05-24,CA_HOBBIES,1885
2015-05-24,CA_HOUSEHOLD,4681
2015-05-24,TOTAL,37426
2015-05-24,TX_FOODS,6655
2015-05-24,TX_HOBBIES,1284
2015-05-24,TX_HOUSEHOLD,3123
2015-05-24,WI_FOODS,6306
2015-05-24,WI_HOBBIES,783
2015-05-24,WI_HOUSEHOLD,2525
2015-05-25,CA_FOODS,10710
2015-05-25,CA_HOBBIES,1968
2015-05-25,CA_HOUSEHOLD,4964
2015-05-25,TOTAL,37817
2015-05-25,TX_FOODS,6782
2015-05-25,TX_HOBBIES,1001
2015-05-25,TX_HOUSEHOLD,2769
2015-05-25,WI_FOODS,6546
2015-05-25,WI_HOBBIES,857
2015-05-25,WI_HOUSEHOLD,2220
2015-05-26,CA_FOODS,8215
2015-05-26,CA_HOBBIES,2057
2015-05-26,CA_HOUSEHOLD,3691
2015-05-26,TOTAL,30879
2015-05-26,TX_FOODS,5575
2015-05-26,TX_HOBBIES,899
2015-05-26,TX_HOUSEHOLD,2413
2015-05-26,WI_FOODS,5295
2015-05-26,WI_HOBBIES,784
2015-05-26,WI_HOUSEHOLD,1950
2015-05-27,CA_FOODS,7864
2015-05-27,CA_HOBBIES,1677
2015-05-27,CA_HOUSEHOLD,3433
2015-05-27,TOTAL,30097
2015-05-27,TX_FOODS,5776
2015-05-27,TX_HOBBIES,902
2015-05-27,TX_HOUSEHOLD,2510
2015-05-27,WI_FOODS,5215
2015-05-27,WI_HOBBIES,761
2015-05-27,WI_HOUSEHOLD,1959
2015-05-28,CA_FOODS,7919
2015-05-28,CA_HOBBIES,1580
2015-05-28,CA_HOUSEHOLD,3477
2015-05-28,TOTAL,30216
2015-05-28,TX_FOODS,5757
2015-05-28,TX_HOBBIES,923
2015-05-28,TX_HOUSEHOLD,2473
2015-05-28,WI_FOODS,5231
2015-05-28,WI_HOBBIES,819
2015-05-28,WI_HOUSEHOLD,2037
2015-05-29,CA_FOODS,8405
2015-05-29,CA_HOBBIES,1855
2015-05-29,CA_HOUSEHOLD,3732
2015-05-29,TOTAL,32925
2015-05-29,TX_FOODS,5766
2015-05-29,TX_HOBBIES,1046
2015-05-29,TX_HOUSEHOLD,2721
2015-05-29,WI_FOODS,5935
2015-05-29,WI_HOBBIES,914
2015-05-29,WI_HOUSEHOLD,2551
2015-05-30,CA_FOODS,11209
2015-05-30,CA_HOBBIES,2083
2015-05-30,CA_HOUSEHOLD,5131
2015-05-30,TOTAL,40938
2015-05-30,TX_FOODS,6302
2015-05-30,TX_HOBBIES,1001
2015-05-30,TX_HOUSEHOLD,2997
2015-05-30,WI_FOODS,7593
2015-05-30,WI_HOBBIES,1232
2015-05-30,WI_HOUSEHOLD,3390
2015-05-31,CA_FOODS,11878
2015-05-31,CA_HOBBIES,2126
2015-05-31,CA_HOUSEHOLD,5730
2015-05-31,TOTAL,43463
2015-05-31,TX_FOODS,7663
2015-05-31,TX_HOBBIES,1342
2015-05-31,TX_HOUSEHOLD,3549
2015-05-31,WI_FOODS,7236
2015-05-31,WI_HOBBIES,978
2015-05-31,WI_HOUSEHOLD,2961
2015-06-01,CA_FOODS,10276
2015-06-01,CA_HOBBIES,2037
2015-06-01,CA_HOUSEHOLD,4381
2015-06-01,TOTAL,38654
2015-06-01,TX_FOODS,7466
2015-06-01,TX_HOBBIES,1109
2015-06-01,TX_HOUSEHOLD,3006
2015-06-01,WI_FOODS,6134
2015-06-01,WI_HOBBIES,1039
2015-06-01,WI_HOUSEHOLD,3206
2015-06-02,CA_FOODS,11176
2015-06-02,CA_HOBBIES,1757
2015-06-02,CA_HOUSEHOLD,3876
2015-06-02,TOTAL,37424
2015-06-02,TX_FOODS,6239
2015-06-02,TX_HOBBIES,939
2015-06-02,TX_HOUSEHOLD,2607
2015-06-02,WI_FOODS,7536
2015-06-02,WI_HOBBIES,745
2015-06-02,WI_HOUSEHOLD,2549
2015-06-03,CA_FOODS,9346
2015-06-03,CA_HOBBIES,1834
2015-06-03,CA_HOUSEHOLD,3823
2015-06-03,TOTAL,37990
2015-06-03,TX_FOODS,6900
2015-06-03,TX_HOBBIES,963
2015-06-03,TX_HOUSEHOLD,2815
2015-06-03,WI_FOODS,8560
2015-06-03,WI_HOBBIES,984
2015-06-03,WI_HOUSEHOLD,2765
2015-06-04,CA_FOODS,9651
2015-06-04,CA_HOBBIES,1668
2015-06-04,CA_HOUSEHOLD,3627
2015-06-04,TOTAL,34922
2015-06-04,TX_FOODS,6265
2015-06-04,TX_HOBBIES,1064
2015-06-04,TX_HOUSEHOLD,2566
2015-06-04,WI_FOODS,6881
2015-06-04,WI_HOBBIES,795
2015-06-04,WI_HOUSEHOLD,2405
2015-06-05,CA_FOODS,10729
2015-06-05,CA_HOBBIES,1761
2015-06-05,CA_HOUSEHOLD,3949
2015-06-05,TOTAL,39889
2015-06-05,TX_FOODS,7577
2015-06-05,TX_HOBBIES,1071
2015-06-05,TX_HOUSEHOLD,2858
2015-06-05,WI_FOODS,8429
2015-06-05,WI_HOBBIES,958
2015-06-05,WI_HOUSEHOLD,2557
2015-06-06,CA_FOODS,13134
2015-06-06,CA_HOBBIES,2360
2015-06-06,CA_HOUSEHOLD,5308
2015-06-06,TOTAL,47507
2015-06-06,TX_FOODS,8654
2015-06-06,TX_HOBBIES,1174
2015-06-06,TX_HOUSEHOLD,3229
2015-06-06,WI_FOODS,9718
2015-06-06,WI_HOBBIES,1170
2015-06-06,WI_HOUSEHOLD,2760
2015-06-07,CA_FOODS,14139
2015-06-07,CA_HOBBIES,2101
2015-06-07,CA_HOUSEHOLD,5079
2015-06-07,TOTAL,48426
2015-06-07,TX_FOODS,9716
2015-06-07,TX_HOBBIES,1160
2015-06-07,TX_HOUSEHOLD,3451
2015-06-07,WI_FOODS,9107
2015-06-07,WI_HOBBIES,994
2015-06-07,WI_HOUSEHOLD,2679
2015-06-08,CA_FOODS,11952
2015-06-08,CA_HOBBIES,1721
2015-06-08,CA_HOUSEHOLD,4092
2015-06-08,TOTAL,39922
2015-06-08,TX_FOODS,7312
2015-06-08,TX_HOBBIES,926
2015-06-08,TX_HOUSEHOLD,2669
2015-06-08,WI_FOODS,8330
2015-06-08,WI_HOBBIES,801
2015-06-08,WI_HOUSEHOLD,2119
2015-06-09,CA_FOODS,11027
2015-06-09,CA_HOBBIES,1508
2015-06-09,CA_HOUSEHOLD,3840
2015-06-09,TOTAL,38184
2015-06-09,TX_FOODS,7123
2015-06-09,TX_HOBBIES,872
2015-06-09,TX_HOUSEHOLD,2525
2015-06-09,WI_FOODS,8474
2015-06-09,WI_HOBBIES,804
2015-06-09,WI_HOUSEHOLD,2011
2015-06-10,CA_FOODS,10237
2015-06-10,CA_HOBBIES,1718
2015-06-10,CA_HOUSEHOLD,3643
2015-06-10,TOTAL,35176
2015-06-10,TX_FOODS,6351
2015-06-10,TX_HOBBIES,916
2015-06-10,TX_HOUSEHOLD,2603
2015-06-10,WI_FOODS,7045
2015-06-10,WI_HOBBIES,675
2015-06-10,WI_HOUSEHOLD,1988
2015-06-11,CA_FOODS,9637
2015-06-11,CA_HOBBIES,1532
2015-06-11,CA_HOUSEHOLD,3448
2015-06-11,TOTAL,35585
2015-06-11,TX_FOODS,7199
2015-06-11,TX_HOBBIES,946
2015-06-11,TX_HOUSEHOLD,2448
2015-06-11,WI_FOODS,7722
2015-06-11,WI_HOBBIES,688
2015-06-11,WI_HOUSEHOLD,1965
2015-06-12,CA_FOODS,10598
2015-06-12,CA_HOBBIES,1740
2015-06-12,CA_HOUSEHOLD,3816
2015-06-12,TOTAL,40282
2015-06-12,TX_FOODS,7270
2015-06-12,TX_HOBBIES,1158
2015-06-12,TX_HOUSEHOLD,2748
2015-06-12,WI_FOODS,9325
2015-06-12,WI_HOBBIES,999
2015-06-12,WI_HOUSEHOLD,2628
2015-06-13,CA_FOODS,12701
2015-06-13,CA_HOBBIES,2051
2015-06-13,CA_HOUSEHOLD,5097
2015-06-13,TOTAL,44853
2015-06-13,TX_FOODS,8312
2015-06-13,TX_HOBBIES,1130
2015-06-13,TX_HOUSEHOLD,3384
2015-06-13,WI_FOODS,8271
2015-06-13,WI_HOBBIES,1043
2015-06-13,WI_HOUSEHOLD,2864
2015-06-14,CA_FOODS,14377
2015-06-14,CA_HOBBIES,1964
2015-06-14,CA_HOUSEHOLD,5255
2015-06-14,TOTAL,48981
2015-06-14,TX_FOODS,8909
2015-06-14,TX_HOBBIES,1185
2015-06-14,TX_HOUSEHOLD,3326
2015-06-14,WI_FOODS,10316
2015-06-14,WI_HOBBIES,889
2015-06-14,WI_HOUSEHOLD,2760
2015-06-15,CA_FOODS,11107
2015-06-15,CA_HOBBIES,1728
2015-06-15,CA_HOUSEHOLD,4005
2015-06-15,TOTAL,47580
2015-06-15,TX_FOODS,14333
2015-06-15,TX_HOBBIES,1396
2015-06-15,TX_HOUSEHOLD,3004
2015-06-15,WI_FOODS,9084
2015-06-15,WI_HOBBIES,695
2015-06-15,WI_HOUSEHOLD,2228
2015-06-16,CA_FOODS,9165
2015-06-16,CA_HOBBIES,1574
2015-06-16,CA_HOUSEHOLD,3555
2015-06-16,TOTAL,31698
2015-06-16,TX_FOODS,5017
2015-06-16,TX_HOBBIES,621
2015-06-16,TX_HOUSEHOLD,1919
2015-06-16,WI_FOODS,7164
2015-06-16,WI_HOBBIES,776
2015-06-16,WI_HOUSEHOLD,1907
2015-06-17,CA_FOODS,9180
2015-06-17,CA_HOBBIES,1950
2015-06-17,CA_HOUSEHOLD,3607
2015-06-17,TOTAL,31478
2015-06-17,TX_FOODS,4786
2015-06-17,TX_HOBBIES,684
2015-06-17,TX_HOUSEHOLD,2221
2015-06-17,WI_FOODS,6288
2015-06-17,WI_HOBBIES,697
2015-06-17,WI_HOUSEHOLD,2065
2015-06-18,CA_FOODS,9781
2015-06-18,CA_HOBBIES,1723
2015-06-18,CA_HOUSEHOLD,3764
2015-06-18,TOTAL,34425
2015-06-18,TX_FOODS,5763
2015-06-18,TX_HOBBIES,841
2015-06-18,TX_HOUSEHOLD,2626
2015-06-18,WI_FOODS,6875
2015-06-18,WI_HOBBIES,893
2015-06-18,WI_HOUSEHOLD,2159
2015-06-19,CA_FOODS,10734
2015-06-19,CA_HOBBIES,1833
2015-06-19,CA_HOUSEHOLD,3819
2015-06-19,TOTAL,37829
2015-06-19,TX_FOODS,6330
2015-06-19,TX_HOBBIES,1086
2015-06-19,TX_HOUSEHOLD,2709
2015-06-19,WI_FOODS,7476
2015-06-19,WI_HOBBIES,1070
2015-06-19,WI_HOUSEHOLD,2772
2015-06-20,CA_FOODS,12931
2015-06-20,CA_HOBBIES,2226
2015-06-20,CA_HOUSEHOLD,4890
2015-06-20,TOTAL,44255
2015-06-20,TX_FOODS,7572
2015-06-20,TX_HOBBIES,1126
2015-06-20,TX_HOUSEHOLD,3521
2015-06-20,WI_FOODS,8161
2015-06-20,WI_HOBBIES,1139
2015-06-20,WI_HOUSEHOLD,2689
2015-06-21,CA_FOODS,11904
2015-06-21,CA_HOBBIES,2049
2015-06-21,CA_HOUSEHOLD,4582
2015-06-21,TOTAL,41413
2015-06-21,TX_FOODS,8118
2015-06-21,TX_HOBBIES,1025
2015-06-21,TX_HOUSEHOLD,3130
2015-06-21,WI_FOODS,7444
2015-06-21,WI_HOBBIES,928
2015-06-21,WI_HOUSEHOLD,2233
2015-06-22,CA_FOODS,10098
2015-06-22,CA_HOBBIES,1792
2015-06-22,CA_HOUSEHOLD,4026
2015-06-22,TOTAL,34846
2015-06-22,TX_FOODS,6115
2015-06-22,TX_HOBBIES,1007
2015-06-22,TX_HOUSEHOLD,2702
2015-06-22,WI_FOODS,6211
2015-06-22,WI_HOBBIES,684
2015-06-22,WI_HOUSEHOLD,2211
2015-06-23,CA_FOODS,9492
2015-06-23,CA_HOBBIES,1670
2015-06-23,CA_HOUSEHOLD,3833
2015-06-23,TOTAL,33071
2015-06-23,TX_FOODS,5793
2015-06-23,TX_HOBBIES,768
2015-06-23,TX_HOUSEHOLD,2519
2015-06-23,WI_FOODS,6232
2015-06-23,WI_HOBBIES,745
2015-06-23,WI_HOUSEHOLD,2019
2015-06-24,CA_FOODS,8923
2015-06-24,CA_HOBBIES,1617
2015-06-24,CA_HOUSEHOLD,3506
2015-06-24,TOTAL,31622
2015-06-24,TX_FOODS,5822
2015-06-24,TX_HOBBIES,1023
2015-06-24,TX_HOUSEHOLD,2447
2015-06-24,WI_FOODS,5674
2015-06-24,WI_HOBBIES,714
2015-06-24,WI_HOUSEHOLD,1896
2015-06-25,CA_FOODS,9652
2015-06-25,CA_HOBBIES,1595
2015-06-25,CA_HOUSEHOLD,3520
2015-06-25,TOTAL,32376
2015-06-25,TX_FOODS,5684
2015-06-25,TX_HOBBIES,944
2015-06-25,TX_HOUSEHOLD,2516
2015-06-25,WI_FOODS,5719
2015-06-25,WI_HOBBIES,770
2015-06-25,WI_HOUSEHOLD,1976
2015-06-26,CA_FOODS,10786
2015-06-26,CA_HOBBIES,1822
2015-06-26,CA_HOUSEHOLD,4009
2015-06-26,TOTAL,35945
2015-06-26,TX_FOODS,6244
2015-06-26,TX_HOBBIES,960
2015-06-26,TX_HOUSEHOLD,2689
2015-06-26,WI_FOODS,5977
2015-06-26,WI_HOBBIES,948
2015-06-26,WI_HOUSEHOLD,2510
2015-06-27,CA_FOODS,12724
2015-06-27,CA_HOBBIES,2033
2015-06-27,CA_HOUSEHOLD,5154
2015-06-27,TOTAL,42213
2015-06-27,TX_FOODS,7173
2015-06-27,TX_HOBBIES,1178
2015-06-27,TX_HOUSEHOLD,3373
2015-06-27,WI_FOODS,6946
2015-06-27,WI_HOBBIES,942
2015-06-27,WI_HOUSEHOLD,2690
2015-06-28,CA_FOODS,13150
2015-06-28,CA_HOBBIES,2264
2015-06-28,CA_HOUSEHOLD,5372
2015-06-28,TOTAL,42946
2015-06-28,TX_FOODS,7310
2015-06-28,TX_HOBBIES,1103
2015-06-28,TX_HOUSEHOLD,3428
2015-06-28,WI_FOODS,6925
2015-06-28,WI_HOBBIES,904
2015-06-28,WI_HOUSEHOLD,2490
2015-06-29,CA_FOODS,9688
2015-06-29,CA_HOBBIES,1975
2015-06-29,CA_HOUSEHOLD,3940
2015-06-29,TOTAL,33928
2015-06-29,TX_FOODS,5840
2015-06-29,TX_HOBBIES,1024
2015-06-29,TX_HOUSEHOLD,2540
2015-06-29,WI_FOODS,5722
2015-06-29,WI_HOBBIES,799
2015-06-29,WI_HOUSEHOLD,2400
2015-06-30,CA_FOODS,9732
2015-06-30,CA_HOBBIES,1738
2015-06-30,CA_HOUSEHOLD,3738
2015-06-30,TOTAL,32179
2015-06-30,TX_FOODS,5143
2015-06-30,TX_HOBBIES,787
2015-06-30,TX_HOUSEHOLD,2277
2015-06-30,WI_FOODS,5617
2015-06-30,WI_HOBBIES,1028
2015-06-30,WI_HOUSEHOLD,2119
2015-07-01,CA_FOODS,11011
2015-07-01,CA_HOBBIES,2135
2015-07-01,CA_HOUSEHOLD,4101
2015-07-01,TOTAL,38077
2015-07-01,TX_FOODS,6737
2015-07-01,TX_HOBBIES,959
2015-07-01,TX_HOUSEHOLD,2869
2015-07-01,WI_FOODS,6189
2015-07-01,WI_HOBBIES,934
2015-07-01,WI_HOUSEHOLD,3142
2015-07-02,CA_FOODS,11455
2015-07-02,CA_HOBBIES,1887
2015-07-02,CA_HOUSEHOLD,4431
2015-07-02,TOTAL,41844
2015-07-02,TX_FOODS,6982
2015-07-02,TX_HOBBIES,1037
2015-07-02,TX_HOUSEHOLD,3252
2015-07-02,WI_FOODS,8691
2015-07-02,WI_HOBBIES,1064
2015-07-02,WI_HOUSEHOLD,3045
2015-07-03,CA_FOODS,15061
2015-07-03,CA_HOBBIES,2695
2015-07-03,CA_HOUSEHOLD,5652
2015-07-03,TOTAL,54154
2015-07-03,TX_FOODS,9088
2015-07-03,TX_HOBBIES,1183
2015-07-03,TX_HOUSEHOLD,3814
2015-07-03,WI_FOODS,11685
2015-07-03,WI_HOBBIES,1482
2015-07-03,WI_HOUSEHOLD,3494
2015-07-04,CA_FOODS,11137
2015-07-04,CA_HOBBIES,1536
2015-07-04,CA_HOUSEHOLD,3862
2015-07-04,TOTAL,37489
2015-07-04,TX_FOODS,7303
2015-07-04,TX_HOBBIES,846
2015-07-04,TX_HOUSEHOLD,3005
2015-07-04,WI_FOODS,7270
2015-07-04,WI_HOBBIES,681
2015-07-04,WI_HOUSEHOLD,1849
2015-07-05,CA_FOODS,12045
2015-07-05,CA_HOBBIES,2124
2015-07-05,CA_HOUSEHOLD,5218
2015-07-05,TOTAL,43532
2015-07-05,TX_FOODS,8088
2015-07-05,TX_HOBBIES,999
2015-07-05,TX_HOUSEHOLD,2954
2015-07-05,WI_FOODS,8711
2015-07-05,WI_HOBBIES,817
2015-07-05,WI_HOUSEHOLD,2576
2015-07-06,CA_FOODS,11388
2015-07-06,CA_HOBBIES,1850
2015-07-06,CA_HOUSEHOLD,4495
2015-07-06,TOTAL,41538
2015-07-06,TX_FOODS,7745
2015-07-06,TX_HOBBIES,1008
2015-07-06,TX_HOUSEHOLD,2862
2015-07-06,WI_FOODS,8953
2015-07-06,WI_HOBBIES,793
2015-07-06,WI_HOUSEHOLD,2444
2015-07-07,CA_FOODS,10596
2015-07-07,CA_HOBBIES,1811
2015-07-07,CA_HOUSEHOLD,3800
2015-07-07,TOTAL,37355
2015-07-07,TX_FOODS,7668
2015-07-07,TX_HOBBIES,937
2015-07-07,TX_HOUSEHOLD,2462
2015-07-07,WI_FOODS,7025
2015-07-07,WI_HOBBIES,833
2015-07-07,WI_HOUSEHOLD,2223
2015-07-08,CA_FOODS,10014
2015-07-08,CA_HOBBIES,1744
2015-07-08,CA_HOUSEHOLD,3606
2015-07-08,TOTAL,36049
2015-07-08,TX_FOODS,6158
2015-07-08,TX_HOBBIES,1043
2015-07-08,TX_HOUSEHOLD,2401
2015-07-08,WI_FOODS,8060
2015-07-08,WI_HOBBIES,883
2015-07-08,WI_HOUSEHOLD,2140
2015-07-09,CA_FOODS,10575
2015-07-09,CA_HOBBIES,1907
2015-07-09,CA_HOUSEHOLD,3558
2015-07-09,TOTAL,38210
2015-07-09,TX_FOODS,7204
2015-07-09,TX_HOBBIES,822
2015-07-09,TX_HOUSEHOLD,2474
2015-07-09,WI_FOODS,8650
2015-07-09,WI_HOBBIES,904
2015-07-09,WI_HOUSEHOLD,2116
2015-07-10,CA_FOODS,11898
2015-07-10,CA_HOBBIES,1933
2015-07-10,CA_HOUSEHOLD,4142
2015-07-10,TOTAL,39895
2015-07-10,TX_FOODS,7006
2015-07-10,TX_HOBBIES,972
2015-07-10,TX_HOUSEHOLD,2583
2015-07-10,WI_FOODS,7958
2015-07-10,WI_HOBBIES,998
2015-07-10,WI_HOUSEHOLD,2405
2015-07-11,CA_FOODS,13303
2015-07-11,CA_HOBBIES,2302
2015-07-11,CA_HOUSEHOLD,5295
2015-07-11,TOTAL,47405
2015-07-11,TX_FOODS,8387
2015-07-11,TX_HOBBIES,1164
2015-07-11,TX_HOUSEHOLD,3192
2015-07-11,WI_FOODS,9934
2015-07-11,WI_HOBBIES,1035
2015-07-11,WI_HOUSEHOLD,2793
2015-07-12,CA_FOODS,13576
2015-07-12,CA_HOBBIES,2166
2015-07-12,CA_HOUSEHOLD,5707
2015-07-12,TOTAL,49594
2015-07-12,TX_FOODS,9716
2015-07-12,TX_HOBBIES,1163
2015-07-12,TX_HOUSEHOLD,3393
2015-07-12,WI_FOODS,10293
2015-07-12,WI_HOBBIES,1004
2015-07-12,WI_HOUSEHOLD,2576
2015-07-13,CA_FOODS,10495
2015-07-13,CA_HOBBIES,1833
2015-07-13,CA_HOUSEHOLD,4469
2015-07-13,TOTAL,39058
2015-07-13,TX_FOODS,8351
2015-07-13,TX_HOBBIES,914
2015-07-13,TX_HOUSEHOLD,2731
2015-07-13,WI_FOODS,7431
2015-07-13,WI_HOBBIES,643
2015-07-13,WI_HOUSEHOLD,2191
2015-07-14,CA_FOODS,9873
2015-07-14,CA_HOBBIES,1620
2015-07-14,CA_HOUSEHOLD,3838
2015-07-14,TOTAL,36831
2015-07-14,TX_FOODS,6797
2015-07-14,TX_HOBBIES,888
2015-07-14,TX_HOUSEHOLD,2438
2015-07-14,WI_FOODS,8485
2015-07-14,WI_HOBBIES,749
2015-07-14,WI_HOUSEHOLD,2143
2015-07-15,CA_FOODS,9938
2015-07-15,CA_HOBBIES,1820
2015-07-15,CA_HOUSEHOLD,3985
2015-07-15,TOTAL,38095
2015-07-15,TX_FOODS,7176
2015-07-15,TX_HOBBIES,867
2015-07-15,TX_HOUSEHOLD,2599
2015-07-15,WI_FOODS,8550
2015-07-15,WI_HOBBIES,844
2015-07-15,WI_HOUSEHOLD,2316
2015-07-16,CA_FOODS,10489
2015-07-16,CA_HOBBIES,1903
2015-07-16,CA_HOUSEHOLD,3939
2015-07-16,TOTAL,37478
2015-07-16,TX_FOODS,6720
2015-07-16,TX_HOBBIES,1004
2015-07-16,TX_HOUSEHOLD,2693
2015-07-16,WI_FOODS,7415
2015-07-16,WI_HOBBIES,827
2015-07-16,WI_HOUSEHOLD,2488
2015-07-17,CA_FOODS,11422
2015-07-17,CA_HOBBIES,2009
2015-07-17,CA_HOUSEHOLD,4175
2015-07-17,TOTAL,41847
2015-07-17,TX_FOODS,7782
2015-07-17,TX_HOBBIES,1062
2015-07-17,TX_HOUSEHOLD,2891
2015-07-17,WI_FOODS,8446
2015-07-17,WI_HOBBIES,1047
2015-07-17,WI_HOUSEHOLD,3013
2015-07-18,CA_FOODS,12687
2015-07-18,CA_HOBBIES,2290
2015-07-18,CA_HOUSEHOLD,5430
2015-07-18,TOTAL,45660
2015-07-18,TX_FOODS,8663
2015-07-18,TX_HOBBIES,1127
2015-07-18,TX_HOUSEHOLD,3413
2015-07-18,WI_FOODS,8012
2015-07-18,WI_HOBBIES,1042
2015-07-18,WI_HOUSEHOLD,2996
2015-07-19,CA_FOODS,13384
2015-07-19,CA_HOBBIES,2481
2015-07-19,CA_HOUSEHOLD,5741
2015-07-19,TOTAL,47784
2015-07-19,TX_FOODS,8977
2015-07-19,TX_HOBBIES,1201
2015-07-19,TX_HOUSEHOLD,3582
2015-07-19,WI_FOODS,8574
2015-07-19,WI_HOBBIES,990
2015-07-19,WI_HOUSEHOLD,2854
2015-07-20,CA_FOODS,10727
2015-07-20,CA_HOBBIES,1759
2015-07-20,CA_HOUSEHOLD,4303
2015-07-20,TOTAL,37547
2015-07-20,TX_FOODS,7327
2015-07-20,TX_HOBBIES,1052
2015-07-20,TX_HOUSEHOLD,2896
2015-07-20,WI_FOODS,6421
2015-07-20,WI_HOBBIES,757
2015-07-20,WI_HOUSEHOLD,2305
2015-07-21,CA_FOODS,9712
2015-07-21,CA_HOBBIES,1897
2015-07-21,CA_HOUSEHOLD,3964
2015-07-21,TOTAL,34138
2015-07-21,TX_FOODS,6100
2015-07-21,TX_HOBBIES,888
2015-07-21,TX_HOUSEHOLD,2555
2015-07-21,WI_FOODS,6192
2015-07-21,WI_HOBBIES,693
2015-07-21,WI_HOUSEHOLD,2137
2015-07-22,CA_FOODS,9272
2015-07-22,CA_HOBBIES,1680
2015-07-22,CA_HOUSEHOLD,3730
2015-07-22,TOTAL,33376
2015-07-22,TX_FOODS,5982
2015-07-22,TX_HOBBIES,861
2015-07-22,TX_HOUSEHOLD,2572
2015-07-22,WI_FOODS,6219
2015-07-22,WI_HOBBIES,906
2015-07-22,WI_HOUSEHOLD,2154
2015-07-23,CA_FOODS,9453
2015-07-23,CA_HOBBIES,1784
2015-07-23,CA_HOUSEHOLD,3887
2015-07-23,TOTAL,34195
2015-07-23,TX_FOODS,6540
2015-07-23,TX_HOBBIES,950
2015-07-23,TX_HOUSEHOLD,2599
2015-07-23,WI_FOODS,5981
2015-07-23,WI_HOBBIES,820
2015-07-23,WI_HOUSEHOLD,2181
2015-07-24,CA_FOODS,10689
2015-07-24,CA_HOBBIES,1921
2015-07-24,CA_HOUSEHOLD,4386
2015-07-24,TOTAL,38441
2015-07-24,TX_FOODS,7067
2015-07-24,TX_HOBBIES,1041
2015-07-24,TX_HOUSEHOLD,2944
2015-07-24,WI_FOODS,6714
2015-07-24,WI_HOBBIES,1014
2015-07-24,WI_HOUSEHOLD,2665
2015-07-25,CA_FOODS,11973
2015-07-25,CA_HOBBIES,1954
2015-07-25,CA_HOUSEHOLD,5122
2015-07-25,TOTAL,42624
2015-07-25,TX_FOODS,7872
2015-07-25,TX_HOBBIES,1090
2015-07-25,TX_HOUSEHOLD,3420
2015-07-25,WI_FOODS,7491
2015-07-25,WI_HOBBIES,965
2015-07-25,WI_HOUSEHOLD,2737
2015-07-26,CA_FOODS,12700
2015-07-26,CA_HOBBIES,1965
2015-07-26,CA_HOUSEHOLD,5544
2015-07-26,TOTAL,44192
2015-07-26,TX_FOODS,8486
2015-07-26,TX_HOBBIES,1170
2015-07-26,TX_HOUSEHOLD,3438
2015-07-26,WI_FOODS,7261
2015-07-26,WI_HOBBIES,923
2015-07-26,WI_HOUSEHOLD,2705
2015-07-27,CA_FOODS,10511
2015-07-27,CA_HOBBIES,1916
2015-07-27,CA_HOUSEHOLD,4329
2015-07-27,TOTAL,36126
2015-07-27,TX_FOODS,6425
2015-07-27,TX_HOBBIES,925
2015-07-27,TX_HOUSEHOLD,2732
2015-07-27,WI_FOODS,6215
2015-07-27,WI_HOBBIES,714
2015-07-27,WI_HOUSEHOLD,2359
2015-07-28,CA_FOODS,9364
2015-07-28,CA_HOBBIES,1736
2015-07-28,CA_HOUSEHOLD,3862
2015-07-28,TOTAL,32955
2015-07-28,TX_FOODS,6345
2015-07-28,TX_HOBBIES,842
2015-07-28,TX_HOUSEHOLD,2462
2015-07-28,WI_FOODS,5661
2015-07-28,WI_HOBBIES,731
2015-07-28,WI_HOUSEHOLD,1952
2015-07-29,CA_FOODS,9252
2015-07-29,CA_HOBBIES,1464
2015-07-29,CA_HOUSEHOLD,3666
2015-07-29,TOTAL,31593
2015-07-29,TX_FOODS,5825
2015-07-29,TX_HOBBIES,871
2015-07-29,TX_HOUSEHOLD,2204
2015-07-29,WI_FOODS,5570
2015-07-29,WI_HOBBIES,671
2015-07-29,WI_HOUSEHOLD,2070
2015-07-30,CA_FOODS,9618
2015-07-30,CA_HOBBIES,1830
2015-07-30,CA_HOUSEHOLD,3818
2015-07-30,TOTAL,33587
2015-07-30,TX_FOODS,5728
2015-07-30,TX_HOBBIES,996
2015-07-30,TX_HOUSEHOLD,2451
2015-07-30,WI_FOODS,6072
2015-07-30,WI_HOBBIES,846
2015-07-30,WI_HOUSEHOLD,2228
2015-07-31,CA_FOODS,10811
2015-07-31,CA_HOBBIES,2177
2015-07-31,CA_HOUSEHOLD,4338
2015-07-31,TOTAL,41478
2015-07-31,TX_FOODS,7168
2015-07-31,TX_HOBBIES,1091
2015-07-31,TX_HOUSEHOLD,3240
2015-07-31,WI_FOODS,7534
2015-07-31,WI_HOBBIES,1231
2015-07-31,WI_HOUSEHOLD,3888
2015-08-01,CA_FOODS,13478
2015-08-01,CA_HOBBIES,2547
2015-08-01,CA_HOUSEHOLD,5957
2015-08-01,TOTAL,49150
2015-08-01,TX_FOODS,9157
2015-08-01,TX_HOBBIES,1156
2015-08-01,TX_HOUSEHOLD,3672
2015-08-01,WI_FOODS,8153
2015-08-01,WI_HOBBIES,1244
2015-08-01,WI_HOUSEHOLD,3786
2015-08-02,CA_FOODS,14878
2015-08-02,CA_HOBBIES,2250
2015-08-02,CA_HOUSEHOLD,6345
2015-08-02,TOTAL,51541
2015-08-02,TX_FOODS,9073
2015-08-02,TX_HOBBIES,1129
2015-08-02,TX_HOUSEHOLD,3503
2015-08-02,WI_FOODS,10257
2015-08-02,WI_HOBBIES,1022
2015-08-02,WI_HOUSEHOLD,3084
2015-08-03,CA_FOODS,11800
2015-08-03,CA_HOBBIES,1985
2015-08-03,CA_HOUSEHOLD,4765
2015-08-03,TOTAL,45257
2015-08-03,TX_FOODS,8822
2015-08-03,TX_HOBBIES,1061
2015-08-03,TX_HOUSEHOLD,3216
2015-08-03,WI_FOODS,9354
2015-08-03,WI_HOBBIES,1019
2015-08-03,WI_HOUSEHOLD,3235
2015-08-04,CA_FOODS,10629
2015-08-04,CA_HOBBIES,1866
2015-08-04,CA_HOUSEHOLD,4400
2015-08-04,TOTAL,37658
2015-08-04,TX_FOODS,6709
2015-08-04,TX_HOBBIES,877
2015-08-04,TX_HOUSEHOLD,2774
2015-08-04,WI_FOODS,7267
2015-08-04,WI_HOBBIES,816
2015-08-04,WI_HOUSEHOLD,2320
2015-08-05,CA_FOODS,10447
2015-08-05,CA_HOBBIES,1956
2015-08-05,CA_HOUSEHOLD,3951
2015-08-05,TOTAL,38279
2015-08-05,TX_FOODS,7540
2015-08-05,TX_HOBBIES,930
2015-08-05,TX_HOUSEHOLD,2545
2015-08-05,WI_FOODS,7817
2015-08-05,WI_HOBBIES,825
2015-08-05,WI_HOUSEHOLD,2268
2015-08-06,CA_FOODS,10441
2015-08-06,CA_HOBBIES,1679
2015-08-06,CA_HOUSEHOLD,3853
2015-08-06,TOTAL,37798
2015-08-06,TX_FOODS,7322
2015-08-06,TX_HOBBIES,980
2015-08-06,TX_HOUSEHOLD,2575
2015-08-06,WI_FOODS,7936
2015-08-06,WI_HOBBIES,755
2015-08-06,WI_HOUSEHOLD,2257
2015-08-07,CA_FOODS,11665
2015-08-07,CA_HOBBIES,1855
2015-08-07,CA_HOUSEHOLD,4360
2015-08-07,TOTAL,40137
2015-08-07,TX_FOODS,7720
2015-08-07,TX_HOBBIES,945
2015-08-07,TX_HOUSEHOLD,2891
2015-08-07,WI_FOODS,7174
2015-08-07,WI_HOBBIES,815
2015-08-07,WI_HOUSEHOLD,2712
2015-08-08,CA_FOODS,13856
2015-08-08,CA_HOBBIES,2501
2015-08-08,CA_HOUSEHOLD,5699
2015-08-08,TOTAL,48104
2015-08-08,TX_FOODS,8617
2015-08-08,TX_HOBBIES,1135
2015-08-08,TX_HOUSEHOLD,3502
2015-08-08,WI_FOODS,8814
2015-08-08,WI_HOBBIES,1052
2015-08-08,WI_HOUSEHOLD,2928
2015-08-09,CA_FOODS,14896
2015-08-09,CA_HOBBIES,2403
2015-08-09,CA_HOUSEHOLD,6143
2015-08-09,TOTAL,51961
2015-08-09,TX_FOODS,9821
2015-08-09,TX_HOBBIES,1137
2015-08-09,TX_HOUSEHOLD,3494
2015-08-09,WI_FOODS,10248
2015-08-09,WI_HOBBIES,1053
2015-08-09,WI_HOUSEHOLD,2766
2015-08-10,CA_FOODS,11669
2015-08-10,CA_HOBBIES,1692
2015-08-10,CA_HOUSEHOLD,4597
2015-08-10,TOTAL,38324
2015-08-10,TX_FOODS,6948
2015-08-10,TX_HOBBIES,861
2015-08-10,TX_HOUSEHOLD,2763
2015-08-10,WI_FOODS,6661
2015-08-10,WI_HOBBIES,1012
2015-08-10,WI_HOUSEHOLD,2121
2015-08-11,CA_FOODS,10245
2015-08-11,CA_HOBBIES,1730
2015-08-11,CA_HOUSEHOLD,4122
2015-08-11,TOTAL,36449
2015-08-11,TX_FOODS,6683
2015-08-11,TX_HOBBIES,850
2015-08-11,TX_HOUSEHOLD,2292
2015-08-11,WI_FOODS,7613
2015-08-11,WI_HOBBIES,730
2015-08-11,WI_HOUSEHOLD,2184
2015-08-12,CA_FOODS,10120
2015-08-12,CA_HOBBIES,1929
2015-08-12,CA_HOUSEHOLD,4060
2015-08-12,TOTAL,37351
2015-08-12,TX_FOODS,7253
2015-08-12,TX_HOBBIES,965
2015-08-12,TX_HOUSEHOLD,2651
2015-08-12,WI_FOODS,7695
2015-08-12,WI_HOBBIES,661
2015-08-12,WI_HOUSEHOLD,2017
2015-08-13,CA_FOODS,9755
2015-08-13,CA_HOBBIES,1875
2015-08-13,CA_HOUSEHOLD,3897
2015-08-13,TOTAL,36055
2015-08-13,TX_FOODS,7202
2015-08-13,TX_HOBBIES,942
2015-08-13,TX_HOUSEHOLD,2625
2015-08-13,WI_FOODS,6652
2015-08-13,WI_HOBBIES,791
2015-08-13,WI_HOUSEHOLD,2316
2015-08-14,CA_FOODS,10869
2015-08-14,CA_HOBBIES,1890
2015-08-14,CA_HOUSEHOLD,4264
2015-08-14,TOTAL,40762
2015-08-14,TX_FOODS,7019
2015-08-14,TX_HOBBIES,1012
2015-08-14,TX_HOUSEHOLD,3197
2015-08-14,WI_FOODS,8773
2015-08-14,WI_HOBBIES,973
2015-08-14,WI_HOUSEHOLD,2765
2015-08-15,CA_FOODS,13515
2015-08-15,CA_HOBBIES,2197
2015-08-15,CA_HOUSEHOLD,5714
2015-08-15,TOTAL,48436
2015-08-15,TX_FOODS,8401
2015-08-15,TX_HOBBIES,1261
2015-08-15,TX_HOUSEHOLD,3597
2015-08-15,WI_FOODS,9608
2015-08-15,WI_HOBBIES,1099
2015-08-15,WI_HOUSEHOLD,3044
2015-08-16,CA_FOODS,15564
2015-08-16,CA_HOBBIES,2287
2015-08-16,CA_HOUSEHOLD,6347
2015-08-16,TOTAL,50540
2015-08-16,TX_FOODS,8655
2015-08-16,TX_HOBBIES,1161
2015-08-16,TX_HOUSEHOLD,3589
2015-08-16,WI_FOODS,9183
2015-08-16,WI_HOBBIES,959
2015-08-16,WI_HOUSEHOLD,2795
2015-08-17,CA_FOODS,11682
2015-08-17,CA_HOBBIES,1860
2015-08-17,CA_HOUSEHOLD,4648
2015-08-17,TOTAL,39112
2015-08-17,TX_FOODS,6811
2015-08-17,TX_HOBBIES,910
2015-08-17,TX_HOUSEHOLD,2763
2015-08-17,WI_FOODS,7258
2015-08-17,WI_HOBBIES,862
2015-08-17,WI_HOUSEHOLD,2318
2015-08-18,CA_FOODS,9846
2015-08-18,CA_HOBBIES,1656
2015-08-18,CA_HOUSEHOLD,4454
2015-08-18,TOTAL,35245
2015-08-18,TX_FOODS,5969
2015-08-18,TX_HOBBIES,961
2015-08-18,TX_HOUSEHOLD,2573
2015-08-18,WI_FOODS,6734
2015-08-18,WI_HOBBIES,868
2015-08-18,WI_HOUSEHOLD,2184
2015-08-19,CA_FOODS,9803
2015-08-19,CA_HOBBIES,1952
2015-08-19,CA_HOUSEHOLD,4174
2015-08-19,TOTAL,33707
2015-08-19,TX_FOODS,5307
2015-08-19,TX_HOBBIES,720
2015-08-19,TX_HOUSEHOLD,2400
2015-08-19,WI_FOODS,6330
2015-08-19,WI_HOBBIES,897
2015-08-19,WI_HOUSEHOLD,2124
2015-08-20,CA_FOODS,9329
2015-08-20,CA_HOBBIES,1817
2015-08-20,CA_HOUSEHOLD,4216
2015-08-20,TOTAL,32516
2015-08-20,TX_FOODS,5229
2015-08-20,TX_HOBBIES,721
2015-08-20,TX_HOUSEHOLD,2472
2015-08-20,WI_FOODS,5841
2015-08-20,WI_HOBBIES,742
2015-08-20,WI_HOUSEHOLD,2149
2015-08-21,CA_FOODS,10053
2015-08-21,CA_HOBBIES,1812
2015-08-21,CA_HOUSEHOLD,4473
2015-08-21,TOTAL,36963
2015-08-21,TX_FOODS,6353
2015-08-21,TX_HOBBIES,1038
2015-08-21,TX_HOUSEHOLD,3089
2015-08-21,WI_FOODS,6766
2015-08-21,WI_HOBBIES,906
2015-08-21,WI_HOUSEHOLD,2473
2015-08-22,CA_FOODS,12644
2015-08-22,CA_HOBBIES,2469
2015-08-22,CA_HOUSEHOLD,5949
2015-08-22,TOTAL,45080
2015-08-22,TX_FOODS,7505
2015-08-22,TX_HOBBIES,1165
2015-08-22,TX_HOUSEHOLD,3907
2015-08-22,WI_FOODS,7360
2015-08-22,WI_HOBBIES,1102
2015-08-22,WI_HOUSEHOLD,2979
2015-08-23,CA_FOODS,14022
2015-08-23,CA_HOBBIES,2112
2015-08-23,CA_HOUSEHOLD,6313
2015-08-23,TOTAL,47596
2015-08-23,TX_FOODS,8749
2015-08-23,TX_HOBBIES,1292
2015-08-23,TX_HOUSEHOLD,3779
2015-08-23,WI_FOODS,7275
2015-08-23,WI_HOBBIES,985
2015-08-23,WI_HOUSEHOLD,3069
2015-08-24,CA_FOODS,9771
2015-08-24,CA_HOBBIES,1729
2015-08-24,CA_HOUSEHOLD,4143
2015-08-24,TOTAL,35093
2015-08-24,TX_FOODS,6840
2015-08-24,TX_HOBBIES,950
2015-08-24,TX_HOUSEHOLD,2790
2015-08-24,WI_FOODS,5884
2015-08-24,WI_HOBBIES,802
2015-08-24,WI_HOUSEHOLD,2184
2015-08-25,CA_FOODS,8532
2015-08-25,CA_HOBBIES,1697
2015-08-25,CA_HOUSEHOLD,3958
2015-08-25,TOTAL,31295
2015-08-25,TX_FOODS,5286
2015-08-25,TX_HOBBIES,996
2015-08-25,TX_HOUSEHOLD,2369
2015-08-25,WI_FOODS,5614
2015-08-25,WI_HOBBIES,664
2015-08-25,WI_HOUSEHOLD,2179
2015-08-26,CA_FOODS,8585
2015-08-26,CA_HOBBIES,1799
2015-08-26,CA_HOUSEHOLD,3686
2015-08-26,TOTAL,31967
2015-08-26,TX_FOODS,5371
2015-08-26,TX_HOBBIES,925
2015-08-26,TX_HOUSEHOLD,2536
2015-08-26,WI_FOODS,5728
2015-08-26,WI_HOBBIES,1020
2015-08-26,WI_HOUSEHOLD,2317
2015-08-27,CA_FOODS,8902
2015-08-27,CA_HOBBIES,1901
2015-08-27,CA_HOUSEHOLD,3584
2015-08-27,TOTAL,32076
2015-08-27,TX_FOODS,5364
2015-08-27,TX_HOBBIES,847
2015-08-27,TX_HOUSEHOLD,2329
2015-08-27,WI_FOODS,5913
2015-08-27,WI_HOBBIES,746
2015-08-27,WI_HOUSEHOLD,2490
2015-08-28,CA_FOODS,10473
2015-08-28,CA_HOBBIES,1724
2015-08-28,CA_HOUSEHOLD,4146
2015-08-28,TOTAL,36251
2015-08-28,TX_FOODS,5662
2015-08-28,TX_HOBBIES,999
2015-08-28,TX_HOUSEHOLD,2490
2015-08-28,WI_FOODS,6948
2015-08-28,WI_HOBBIES,1042
2015-08-28,WI_HOUSEHOLD,2767
2015-08-29,CA_FOODS,13135
2015-08-29,CA_HOBBIES,2235
2015-08-29,CA_HOUSEHOLD,5903
2015-08-29,TOTAL,45236
2015-08-29,TX_FOODS,6835
2015-08-29,TX_HOBBIES,1195
2015-08-29,TX_HOUSEHOLD,3347
2015-08-29,WI_FOODS,7986
2015-08-29,WI_HOBBIES,1190
2015-08-29,WI_HOUSEHOLD,3410
2015-08-30,CA_FOODS,14446
2015-08-30,CA_HOBBIES,2307
2015-08-30,CA_HOUSEHOLD,6566
2015-08-30,TOTAL,48517
2015-08-30,TX_FOODS,8104
2015-08-30,TX_HOBBIES,1148
2015-08-30,TX_HOUSEHOLD,3743
2015-08-30,WI_FOODS,8200
2015-08-30,WI_HOBBIES,965
2015-08-30,WI_HOUSEHOLD,3038
2015-08-31,CA_FOODS,10197
2015-08-31,CA_HOBBIES,1859
2015-08-31,CA_HOUSEHOLD,4167
2015-08-31,TOTAL,35885
2015-08-31,TX_FOODS,5467
2015-08-31,TX_HOBBIES,988
2015-08-31,TX_HOUSEHOLD,2689
2015-08-31,WI_FOODS,7078
2015-08-31,WI_HOBBIES,858
2015-08-31,WI_HOUSEHOLD,2582
2015-09-01,CA_FOODS,10063
2015-09-01,CA_HOBBIES,1919
2015-09-01,CA_HOUSEHOLD,4323
2015-09-01,TOTAL,37955
2015-09-01,TX_FOODS,6434
2015-09-01,TX_HOBBIES,965
2015-09-01,TX_HOUSEHOLD,2787
2015-09-01,WI_FOODS,7109
2015-09-01,WI_HOBBIES,992
2015-09-01,WI_HOUSEHOLD,3363
2015-09-02,CA_FOODS,9600
2015-09-02,CA_HOBBIES,1941
2015-09-02,CA_HOUSEHOLD,4284
2015-09-02,TOTAL,36590
2015-09-02,TX_FOODS,5701
2015-09-02,TX_HOBBIES,904
2015-09-02,TX_HOUSEHOLD,2598
2015-09-02,WI_FOODS,8315
2015-09-02,WI_HOBBIES,854
2015-09-02,WI_HOUSEHOLD,2393
2015-09-03,CA_FOODS,10234
2015-09-03,CA_HOBBIES,1892
2015-09-03,CA_HOUSEHOLD,4096
2015-09-03,TOTAL,39619
2015-09-03,TX_FOODS,6534
2015-09-03,TX_HOBBIES,877
2015-09-03,TX_HOUSEHOLD,2998
2015-09-03,WI_FOODS,9254
2015-09-03,WI_HOBBIES,826
2015-09-03,WI_HOUSEHOLD,2908
2015-09-04,CA_FOODS,11648
2015-09-04,CA_HOBBIES,2113
2015-09-04,CA_HOUSEHOLD,4298
2015-09-04,TOTAL,39270
2015-09-04,TX_FOODS,5841
2015-09-04,TX_HOBBIES,1112
2015-09-04,TX_HOUSEHOLD,2906
2015-09-04,WI_FOODS,7395
2015-09-04,WI_HOBBIES,1078
2015-09-04,WI_HOUSEHOLD,2879
2015-09-05,CA_FOODS,13510
2015-09-05,CA_HOBBIES,2170
2015-09-05,CA_HOUSEHOLD,5314
2015-09-05,TOTAL,47487
2015-09-05,TX_FOODS,7827
2015-09-05,TX_HOBBIES,1100
2015-09-05,TX_HOUSEHOLD,3662
2015-09-05,WI_FOODS,9768
2015-09-05,WI_HOBBIES,1034
2015-09-05,WI_HOUSEHOLD,3102
2015-09-06,CA_FOODS,12939
2015-09-06,CA_HOBBIES,2131
2015-09-06,CA_HOUSEHOLD,4828
2015-09-06,TOTAL,45248
2015-09-06,TX_FOODS,8005
2015-09-06,TX_HOBBIES,1042
2015-09-06,TX_HOUSEHOLD,3087
2015-09-06,WI_FOODS,9858
2015-09-06,WI_HOBBIES,878
2015-09-06,WI_HOUSEHOLD,2480
2015-09-07,CA_FOODS,13900
2015-09-07,CA_HOBBIES,1998
2015-09-07,CA_HOUSEHOLD,5293
2015-09-07,TOTAL,45762
2015-09-07,TX_FOODS,8650
2015-09-07,TX_HOBBIES,1089
2015-09-07,TX_HOUSEHOLD,3035
2015-09-07,WI_FOODS,8434
2015-09-07,WI_HOBBIES,813
2015-09-07,WI_HOUSEHOLD,2550
2015-09-08,CA_FOODS,10698
2015-09-08,CA_HOBBIES,1725
2015-09-08,CA_HOUSEHOLD,4085
2015-09-08,TOTAL,36169
2015-09-08,TX_FOODS,6123
2015-09-08,TX_HOBBIES,688
2015-09-08,TX_HOUSEHOLD,2467
2015-09-08,WI_FOODS,7804
2015-09-08,WI_HOBBIES,756
2015-09-08,WI_HOUSEHOLD,1823
2015-09-09,CA_FOODS,10938
2015-09-09,CA_HOBBIES,1736
2015-09-09,CA_HOUSEHOLD,3674
2015-09-09,TOTAL,38102
2015-09-09,TX_FOODS,6241
2015-09-09,TX_HOBBIES,898
2015-09-09,TX_HOUSEHOLD,2464
2015-09-09,WI_FOODS,8912
2015-09-09,WI_HOBBIES,831
2015-09-09,WI_HOUSEHOLD,2408
2015-09-10,CA_FOODS,10808
2015-09-10,CA_HOBBIES,1835
2015-09-10,CA_HOUSEHOLD,3742
2015-09-10,TOTAL,35693
2015-09-10,TX_FOODS,5658
2015-09-10,TX_HOBBIES,815
2015-09-10,TX_HOUSEHOLD,2422
2015-09-10,WI_FOODS,7186
2015-09-10,WI_HOBBIES,761
2015-09-10,WI_HOUSEHOLD,2466
2015-09-11,CA_FOODS,11146
2015-09-11,CA_HOBBIES,1846
2015-09-11,CA_HOUSEHOLD,4211
2015-09-11,TOTAL,40286
2015-09-11,TX_FOODS,6463
2015-09-11,TX_HOBBIES,1096
2015-09-11,TX_HOUSEHOLD,2518
2015-09-11,WI_FOODS,9090
2015-09-11,WI_HOBBIES,960
2015-09-11,WI_HOUSEHOLD,2956
2015-09-12,CA_FOODS,13638
2015-09-12,CA_HOBBIES,2156
2015-09-12,CA_HOUSEHOLD,5787
2015-09-12,TOTAL,50103
2015-09-12,TX_FOODS,8566
2015-09-12,TX_HOBBIES,1099
2015-09-12,TX_HOUSEHOLD,3477
2015-09-12,WI_FOODS,10858
2015-09-12,WI_HOBBIES,1261
2015-09-12,WI_HOUSEHOLD,3261
2015-09-13,CA_FOODS,15079
2015-09-13,CA_HOBBIES,2375
2015-09-13,CA_HOUSEHOLD,6098
2015-09-13,TOTAL,51340
2015-09-13,TX_FOODS,9601
2015-09-13,TX_HOBBIES,1132
2015-09-13,TX_HOUSEHOLD,3572
2015-09-13,WI_FOODS,9641
2015-09-13,WI_HOBBIES,1003
2015-09-13,WI_HOUSEHOLD,2839
2015-09-14,CA_FOODS,10097
2015-09-14,CA_HOBBIES,1769
2015-09-14,CA_HOUSEHOLD,4052
2015-09-14,TOTAL,38071
2015-09-14,TX_FOODS,6771
2015-09-14,TX_HOBBIES,964
2015-09-14,TX_HOUSEHOLD,2720
2015-09-14,WI_FOODS,8878
2015-09-14,WI_HOBBIES,680
2015-09-14,WI_HOUSEHOLD,2140
2015-09-15,CA_FOODS,10067
2015-09-15,CA_HOBBIES,1747
2015-09-15,CA_HOUSEHOLD,3991
2015-09-15,TOTAL,37425
2015-09-15,TX_FOODS,6508
2015-09-15,TX_HOBBIES,946
2015-09-15,TX_HOUSEHOLD,2489
2015-09-15,WI_FOODS,8947
2015-09-15,WI_HOBBIES,713
2015-09-15,WI_HOUSEHOLD,2017
2015-09-16,CA_FOODS,8964
2015-09-16,CA_HOBBIES,1783
2015-09-16,CA_HOUSEHOLD,3462
2015-09-16,TOTAL,33645
2015-09-16,TX_FOODS,5992
2015-09-16,TX_HOBBIES,921
2015-09-16,TX_HOUSEHOLD,2414
2015-09-16,WI_FOODS,7405
2015-09-16,WI_HOBBIES,721
2015-09-16,WI_HOUSEHOLD,1983
2015-09-17,CA_FOODS,9213
2015-09-17,CA_HOBBIES,1916
2015-09-17,CA_HOUSEHOLD,3608
2015-09-17,TOTAL,33998
2015-09-17,TX_FOODS,5907
2015-09-17,TX_HOBBIES,1016
2015-09-17,TX_HOUSEHOLD,2536
2015-09-17,WI_FOODS,7039
2015-09-17,WI_HOBBIES,753
2015-09-17,WI_HOUSEHOLD,2010
2015-09-18,CA_FOODS,10957
2015-09-18,CA_HOBBIES,1981
2015-09-18,CA_HOUSEHOLD,4254
2015-09-18,TOTAL,38689
2015-09-18,TX_FOODS,6685
2015-09-18,TX_HOBBIES,1102
2015-09-18,TX_HOUSEHOLD,2708
2015-09-18,WI_FOODS,7220
2015-09-18,WI_HOBBIES,1016
2015-09-18,WI_HOUSEHOLD,2766
2015-09-19,CA_FOODS,14437
2015-09-19,CA_HOBBIES,2267
2015-09-19,CA_HOUSEHOLD,5618
2015-09-19,TOTAL,48279
2015-09-19,TX_FOODS,7916
2015-09-19,TX_HOBBIES,1275
2015-09-19,TX_HOUSEHOLD,3665
2015-09-19,WI_FOODS,8667
2015-09-19,WI_HOBBIES,1181
2015-09-19,WI_HOUSEHOLD,3253
2015-09-20,CA_FOODS,15132
2015-09-20,CA_HOBBIES,2423
2015-09-20,CA_HOUSEHOLD,5605
2015-09-20,TOTAL,49979
2015-09-20,TX_FOODS,9308
2015-09-20,TX_HOBBIES,1133
2015-09-20,TX_HOUSEHOLD,3738
2015-09-20,WI_FOODS,8728
2015-09-20,WI_HOBBIES,931
2015-09-20,WI_HOUSEHOLD,2981
2015-09-21,CA_FOODS,11353
2015-09-21,CA_HOBBIES,1672
2015-09-21,CA_HOUSEHOLD,4211
2015-09-21,TOTAL,36145
2015-09-21,TX_FOODS,6291
2015-09-21,TX_HOBBIES,814
2015-09-21,TX_HOUSEHOLD,2527
2015-09-21,WI_FOODS,6308
2015-09-21,WI_HOBBIES,864
2015-09-21,WI_HOUSEHOLD,2105
2015-09-22,CA_FOODS,10034
2015-09-22,CA_HOBBIES,1847
2015-09-22,CA_HOUSEHOLD,3872
2015-09-22,TOTAL,33518
2015-09-22,TX_FOODS,5793
2015-09-22,TX_HOBBIES,1025
2015-09-22,TX_HOUSEHOLD,2420
2015-09-22,WI_FOODS,5910
2015-09-22,WI_HOBBIES,676
2015-09-22,WI_HOUSEHOLD,1941
2015-09-23,CA_FOODS,9718
2015-09-23,CA_HOBBIES,1642
2015-09-23,CA_HOUSEHOLD,3738
2015-09-23,TOTAL,33497
2015-09-23,TX_FOODS,6151
2015-09-23,TX_HOBBIES,921
2015-09-23,TX_HOUSEHOLD,2557
2015-09-23,WI_FOODS,5844
2015-09-23,WI_HOBBIES,867
2015-09-23,WI_HOUSEHOLD,2059
2015-09-24,CA_FOODS,9392
2015-09-24,CA_HOBBIES,1753
2015-09-24,CA_HOUSEHOLD,3465
2015-09-24,TOTAL,32967
2015-09-24,TX_FOODS,5922
2015-09-24,TX_HOBBIES,809
2015-09-24,TX_HOUSEHOLD,2456
2015-09-24,WI_FOODS,6301
2015-09-24,WI_HOBBIES,828
2015-09-24,WI_HOUSEHOLD,2041
2015-09-25,CA_FOODS,11161
2015-09-25,CA_HOBBIES,1842
2015-09-25,CA_HOUSEHOLD,4429
2015-09-25,TOTAL,38680
2015-09-25,TX_FOODS,6184
2015-09-25,TX_HOBBIES,1012
2015-09-25,TX_HOUSEHOLD,2817
2015-09-25,WI_FOODS,7413
2015-09-25,WI_HOBBIES,993
2015-09-25,WI_HOUSEHOLD,2829
2015-09-26,CA_FOODS,13936
2015-09-26,CA_HOBBIES,2257
2015-09-26,CA_HOUSEHOLD,5445
2015-09-26,TOTAL,46636
2015-09-26,TX_FOODS,7726
2015-09-26,TX_HOBBIES,1071
2015-09-26,TX_HOUSEHOLD,3489
2015-09-26,WI_FOODS,8401
2015-09-26,WI_HOBBIES,1099
2015-09-26,WI_HOUSEHOLD,3212
2015-09-27,CA_FOODS,14369
2015-09-27,CA_HOBBIES,2272
2015-09-27,CA_HOUSEHOLD,5821
2015-09-27,TOTAL,47613
2015-09-27,TX_FOODS,8060
2015-09-27,TX_HOBBIES,1146
2015-09-27,TX_HOUSEHOLD,3404
2015-09-27,WI_FOODS,8632
2015-09-27,WI_HOBBIES,1017
2015-09-27,WI_HOUSEHOLD,2892
2015-09-28,CA_FOODS,10441
2015-09-28,CA_HOBBIES,1742
2015-09-28,CA_HOUSEHOLD,4076
2015-09-28,TOTAL,34262
2015-09-28,TX_FOODS,5727
2015-09-28,TX_HOBBIES,1015
2015-09-28,TX_HOUSEHOLD,2590
2015-09-28,WI_FOODS,6217
2015-09-28,WI_HOBBIES,600
2015-09-28,WI_HOUSEHOLD,1854
2015-09-29,CA_FOODS,8451
2015-09-29,CA_HOBBIES,1673
2015-09-29,CA_HOUSEHOLD,3553
2015-09-29,TOTAL,30615
2015-09-29,TX_FOODS,5129
2015-09-29,TX_HOBBIES,891
2015-09-29,TX_HOUSEHOLD,2367
2015-09-29,WI_FOODS,5767
2015-09-29,WI_HOBBIES,720
2015-09-29,WI_HOUSEHOLD,2064
2015-09-30,CA_FOODS,8707
2015-09-30,CA_HOBBIES,1780
2015-09-30,CA_HOUSEHOLD,3465
2015-09-30,TOTAL,31270
2015-09-30,TX_FOODS,5099
2015-09-30,TX_HOBBIES,896
2015-09-30,TX_HOUSEHOLD,2357
2015-09-30,WI_FOODS,5850
2015-09-30,WI_HOBBIES,851
2015-09-30,WI_HOUSEHOLD,2265
2015-10-01,CA_FOODS,9936
2015-10-01,CA_HOBBIES,2073
2015-10-01,CA_HOUSEHOLD,3717
2015-10-01,TOTAL,37677
2015-10-01,TX_FOODS,7019
2015-10-01,TX_HOBBIES,1028
2015-10-01,TX_HOUSEHOLD,2894
2015-10-01,WI_FOODS,6540
2015-10-01,WI_HOBBIES,1123
2015-10-01,WI_HOUSEHOLD,3347
2015-10-02,CA_FOODS,11900
2015-10-02,CA_HOBBIES,2322
2015-10-02,CA_HOUSEHOLD,4560
2015-10-02,TOTAL,44376
2015-10-02,TX_FOODS,7192
2015-10-02,TX_HOBBIES,1044
2015-10-02,TX_HOUSEHOLD,3094
2015-10-02,WI_FOODS,9777
2015-10-02,WI_HOBBIES,1108
2015-10-02,WI_HOUSEHOLD,3379
2015-10-03,CA_FOODS,15621
2015-10-03,CA_HOBBIES,2505
2015-10-03,CA_HOUSEHOLD,6160
2015-10-03,TOTAL,54687
2015-10-03,TX_FOODS,8627
2015-10-03,TX_HOBBIES,1150
2015-10-03,TX_HOUSEHOLD,3845
2015-10-03,WI_FOODS,11846
2015-10-03,WI_HOBBIES,1275
2015-10-03,WI_HOUSEHOLD,3658
2015-10-04,CA_FOODS,16328
2015-10-04,CA_HOBBIES,2420
2015-10-04,CA_HOUSEHOLD,5981
2015-10-04,TOTAL,52895
2015-10-04,TX_FOODS,8984
2015-10-04,TX_HOBBIES,1382
2015-10-04,TX_HOUSEHOLD,3566
2015-10-04,WI_FOODS,10101
2015-10-04,WI_HOBBIES,1077
2015-10-04,WI_HOUSEHOLD,3056
2015-10-05,CA_FOODS,12392
2015-10-05,CA_HOBBIES,1755
2015-10-05,CA_HOUSEHOLD,4364
2015-10-05,TOTAL,42474
2015-10-05,TX_FOODS,7822
2015-10-05,TX_HOBBIES,960
2015-10-05,TX_HOUSEHOLD,2702
2015-10-05,WI_FOODS,9395
2015-10-05,WI_HOBBIES,773
2015-10-05,WI_HOUSEHOLD,2311
2015-10-06,CA_FOODS,10825
2015-10-06,CA_HOBBIES,1595
2015-10-06,CA_HOUSEHOLD,3743
2015-10-06,TOTAL,38855
2015-10-06,TX_FOODS,7220
2015-10-06,TX_HOBBIES,988
2015-10-06,TX_HOUSEHOLD,2555
2015-10-06,WI_FOODS,9032
2015-10-06,WI_HOBBIES,814
2015-10-06,WI_HOUSEHOLD,2083
2015-10-07,CA_FOODS,10177
2015-10-07,CA_HOBBIES,1924
2015-10-07,CA_HOUSEHOLD,3696
2015-10-07,TOTAL,35887
2015-10-07,TX_FOODS,6891
2015-10-07,TX_HOBBIES,921
2015-10-07,TX_HOUSEHOLD,2336
2015-10-07,WI_FOODS,7009
2015-10-07,WI_HOBBIES,848
2015-10-07,WI_HOUSEHOLD,2085
2015-10-08,CA_FOODS,10362
2015-10-08,CA_HOBBIES,1628
2015-10-08,CA_HOUSEHOLD,3872
2015-10-08,TOTAL,37819
2015-10-08,TX_FOODS,6441
2015-10-08,TX_HOBBIES,963
2015-10-08,TX_HOUSEHOLD,2555
2015-10-08,WI_FOODS,8851
2015-10-08,WI_HOBBIES,758
2015-10-08,WI_HOUSEHOLD,2389
2015-10-09,CA_FOODS,12194
2015-10-09,CA_HOBBIES,1980
2015-10-09,CA_HOUSEHOLD,4312
2015-10-09,TOTAL,43595
2015-10-09,TX_FOODS,7137
2015-10-09,TX_HOBBIES,1136
2015-10-09,TX_HOUSEHOLD,3049
2015-10-09,WI_FOODS,9685
2015-10-09,WI_HOBBIES,1162
2015-10-09,WI_HOUSEHOLD,2940
2015-10-10,CA_FOODS,13947
2015-10-10,CA_HOBBIES,2427
2015-10-10,CA_HOUSEHOLD,5710
2015-10-10,TOTAL,48787
2015-10-10,TX_FOODS,7722
2015-10-10,TX_HOBBIES,1127
2015-10-10,TX_HOUSEHOLD,3679
2015-10-10,WI_FOODS,9663
2015-10-10,WI_HOBBIES,1161
2015-10-10,WI_HOUSEHOLD,3351
2015-10-11,CA_FOODS,14073
2015-10-11,CA_HOBBIES,1946
2015-10-11,CA_HOUSEHOLD,5310
2015-10-11,TOTAL,49704
2015-10-11,TX_FOODS,9138
2015-10-11,TX_HOBBIES,1299
2015-10-11,TX_HOUSEHOLD,3561
2015-10-11,WI_FOODS,10475
2015-10-11,WI_HOBBIES,1003
2015-10-11,WI_HOUSEHOLD,2899
2015-10-12,CA_FOODS,11863
2015-10-12,CA_HOBBIES,1936
2015-10-12,CA_HOUSEHOLD,4674
2015-10-12,TOTAL,42240
2015-10-12,TX_FOODS,7836
2015-10-12,TX_HOBBIES,985
2015-10-12,TX_HOUSEHOLD,2601
2015-10-12,WI_FOODS,9402
2015-10-12,WI_HOBBIES,833
2015-10-12,WI_HOUSEHOLD,2110
2015-10-13,CA_FOODS,10068
2015-10-13,CA_HOBBIES,1627
2015-10-13,CA_HOUSEHOLD,3641
2015-10-13,TOTAL,35681
2015-10-13,TX_FOODS,6856
2015-10-13,TX_HOBBIES,997
2015-10-13,TX_HOUSEHOLD,2323
2015-10-13,WI_FOODS,7292
2015-10-13,WI_HOBBIES,766
2015-10-13,WI_HOUSEHOLD,2111
2015-10-14,CA_FOODS,9424
2015-10-14,CA_HOBBIES,1779
2015-10-14,CA_HOUSEHOLD,3583
2015-10-14,TOTAL,34248
2015-10-14,TX_FOODS,5286
2015-10-14,TX_HOBBIES,848
2015-10-14,TX_HOUSEHOLD,2023
2015-10-14,WI_FOODS,8424
2015-10-14,WI_HOBBIES,887
2015-10-14,WI_HOUSEHOLD,1994
2015-10-15,CA_FOODS,9460
2015-10-15,CA_HOBBIES,1677
2015-10-15,CA_HOUSEHOLD,3409
2015-10-15,TOTAL,36353
2015-10-15,TX_FOODS,6680
2015-10-15,TX_HOBBIES,1066
2015-10-15,TX_HOUSEHOLD,2507
2015-10-15,WI_FOODS,8610
2015-10-15,WI_HOBBIES,886
2015-10-15,WI_HOUSEHOLD,2058
2015-10-16,CA_FOODS,10474
2015-10-16,CA_HOBBIES,1937
2015-10-16,CA_HOUSEHOLD,3838
2015-10-16,TOTAL,38422
2015-10-16,TX_FOODS,6348
2015-10-16,TX_HOBBIES,1099
2015-10-16,TX_HOUSEHOLD,2839
2015-10-16,WI_FOODS,8278
2015-10-16,WI_HOBBIES,1147
2015-10-16,WI_HOUSEHOLD,2462
2015-10-17,CA_FOODS,13695
2015-10-17,CA_HOBBIES,2554
2015-10-17,CA_HOUSEHOLD,5515
2015-10-17,TOTAL,47813
2015-10-17,TX_FOODS,7697
2015-10-17,TX_HOBBIES,1429
2015-10-17,TX_HOUSEHOLD,3544
2015-10-17,WI_FOODS,9200
2015-10-17,WI_HOBBIES,1230
2015-10-17,WI_HOUSEHOLD,2949
2015-10-18,CA_FOODS,14633
2015-10-18,CA_HOBBIES,2474
2015-10-18,CA_HOUSEHOLD,5980
2015-10-18,TOTAL,48964
2015-10-18,TX_FOODS,8207
2015-10-18,TX_HOBBIES,1285
2015-10-18,TX_HOUSEHOLD,3481
2015-10-18,WI_FOODS,9173
2015-10-18,WI_HOBBIES,1009
2015-10-18,WI_HOUSEHOLD,2722
2015-10-19,CA_FOODS,10148
2015-10-19,CA_HOBBIES,1842
2015-10-19,CA_HOUSEHOLD,4015
2015-10-19,TOTAL,35302
2015-10-19,TX_FOODS,6553
2015-10-19,TX_HOBBIES,1004
2015-10-19,TX_HOUSEHOLD,2559
2015-10-19,WI_FOODS,6515
2015-10-19,WI_HOBBIES,844
2015-10-19,WI_HOUSEHOLD,1822
2015-10-20,CA_FOODS,9536
2015-10-20,CA_HOBBIES,1789
2015-10-20,CA_HOUSEHOLD,3663
2015-10-20,TOTAL,33104
2015-10-20,TX_FOODS,5779
2015-10-20,TX_HOBBIES,965
2015-10-20,TX_HOUSEHOLD,2339
2015-10-20,WI_FOODS,6356
2015-10-20,WI_HOBBIES,764
2015-10-20,WI_HOUSEHOLD,1913
2015-10-21,CA_FOODS,9004
2015-10-21,CA_HOBBIES,1870
2015-10-21,CA_HOUSEHOLD,3468
2015-10-21,TOTAL,32411
2015-10-21,TX_FOODS,5570
2015-10-21,TX_HOBBIES,1071
2015-10-21,TX_HOUSEHOLD,2305
2015-10-21,WI_FOODS,6369
2015-10-21,WI_HOBBIES,913
2015-10-21,WI_HOUSEHOLD,1841
2015-10-22,CA_FOODS,8977
2015-10-22,CA_HOBBIES,1757
2015-10-22,CA_HOUSEHOLD,3377
2015-10-22,TOTAL,32770
2015-10-22,TX_FOODS,5892
2015-10-22,TX_HOBBIES,1093
2015-10-22,TX_HOUSEHOLD,2341
2015-10-22,WI_FOODS,6538
2015-10-22,WI_HOBBIES,862
2015-10-22,WI_HOUSEHOLD,1933
2015-10-23,CA_FOODS,10226
2015-10-23,CA_HOBBIES,2044
2015-10-23,CA_HOUSEHOLD,3847
2015-10-23,TOTAL,38021
2015-10-23,TX_FOODS,7000
2015-10-23,TX_HOBBIES,1249
2015-10-23,TX_HOUSEHOLD,2904
2015-10-23,WI_FOODS,7288
2015-10-23,WI_HOBBIES,1020
2015-10-23,WI_HOUSEHOLD,2443
2015-10-24,CA_FOODS,12558
2015-10-24,CA_HOBBIES,2391
2015-10-24,CA_HOUSEHOLD,5100
2015-10-24,TOTAL,45006
2015-10-24,TX_FOODS,7338
2015-10-24,TX_HOBBIES,1256
2015-10-24,TX_HOUSEHOLD,2998
2015-10-24,WI_FOODS,8782
2015-10-24,WI_HOBBIES,1330
2015-10-24,WI_HOUSEHOLD,3253
2015-10-25,CA_FOODS,14409
2015-10-25,CA_HOBBIES,2628
2015-10-25,CA_HOUSEHOLD,5595
2015-10-25,TOTAL,46179
2015-10-25,TX_FOODS,6857
2015-10-25,TX_HOBBIES,1108
2015-10-25,TX_HOUSEHOLD,2951
2015-10-25,WI_FOODS,8632
2015-10-25,WI_HOBBIES,1222
2015-10-25,WI_HOUSEHOLD,2777
2015-10-26,CA_FOODS,9779
2015-10-26,CA_HOBBIES,1837
2015-10-26,CA_HOUSEHOLD,3972
2015-10-26,TOTAL,35092
2015-10-26,TX_FOODS,6132
2015-10-26,TX_HOBBIES,1053
2015-10-26,TX_HOUSEHOLD,2923
2015-10-26,WI_FOODS,6532
2015-10-26,WI_HOBBIES,947
2015-10-26,WI_HOUSEHOLD,1917
2015-10-27,CA_FOODS,9242
2015-10-27,CA_HOBBIES,2208
2015-10-27,CA_HOUSEHOLD,3408
2015-10-27,TOTAL,32319
2015-10-27,TX_FOODS,5361
2015-10-27,TX_HOBBIES,1062
2015-10-27,TX_HOUSEHOLD,2281
2015-10-27,WI_FOODS,6140
2015-10-27,WI_HOBBIES,766
2015-10-27,WI_HOUSEHOLD,1851
2015-10-28,CA_FOODS,8867
2015-10-28,CA_HOBBIES,1703
2015-10-28,CA_HOUSEHOLD,3683
2015-10-28,TOTAL,31267
2015-10-28,TX_FOODS,5290
2015-10-28,TX_HOBBIES,1053
2015-10-28,TX_HOUSEHOLD,2408
2015-10-28,WI_FOODS,5797
2015-10-28,WI_HOBBIES,795
2015-10-28,WI_HOUSEHOLD,1671
2015-10-29,CA_FOODS,9223
2015-10-29,CA_HOBBIES,1932
2015-10-29,CA_HOUSEHOLD,3443
2015-10-29,TOTAL,33232
2015-10-29,TX_FOODS,5581
2015-10-29,TX_HOBBIES,1139
2015-10-29,TX_HOUSEHOLD,2469
2015-10-29,WI_FOODS,6377
2015-10-29,WI_HOBBIES,999
2015-10-29,WI_HOUSEHOLD,2069
2015-10-30,CA_FOODS,10851
2015-10-30,CA_HOBBIES,2140
2015-10-30,CA_HOUSEHOLD,4121
2015-10-30,TOTAL,40514
2015-10-30,TX_FOODS,6121
2015-10-30,TX_HOBBIES,1223
2015-10-30,TX_HOUSEHOLD,2976
2015-10-30,WI_FOODS,8199
2015-10-30,WI_HOBBIES,1337
2015-10-30,WI_HOUSEHOLD,3546
2015-10-31,CA_FOODS,12555
2015-10-31,CA_HOBBIES,2696
2015-10-31,CA_HOUSEHOLD,5125
2015-10-31,TOTAL,42743
2015-10-31,TX_FOODS,6072
2015-10-31,TX_HOBBIES,976
2015-10-31,TX_HOUSEHOLD,2847
2015-10-31,WI_FOODS,8236
2015-10-31,WI_HOBBIES,1216
2015-10-31,WI_HOUSEHOLD,3020
2015-11-01,CA_FOODS,13573
2015-11-01,CA_HOBBIES,2432
2015-11-01,CA_HOUSEHOLD,5940
2015-11-01,TOTAL,46994
2015-11-01,TX_FOODS,7838
2015-11-01,TX_HOBBIES,1251
2015-11-01,TX_HOUSEHOLD,3725
2015-11-01,WI_FOODS,8032
2015-11-01,WI_HOBBIES,1062
2015-11-01,WI_HOUSEHOLD,3141
2015-11-02,CA_FOODS,9646
2015-11-02,CA_HOBBIES,1879
2015-11-02,CA_HOUSEHOLD,4006
2015-11-02,TOTAL,36457
2015-11-02,TX_FOODS,5873
2015-11-02,TX_HOBBIES,997
2015-11-02,TX_HOUSEHOLD,2876
2015-11-02,WI_FOODS,7995
2015-11-02,WI_HOBBIES,921
2015-11-02,WI_HOUSEHOLD,2264
2015-11-03,CA_FOODS,9908
2015-11-03,CA_HOBBIES,2054
2015-11-03,CA_HOUSEHOLD,4090
2015-11-03,TOTAL,37997
2015-11-03,TX_FOODS,6108
2015-11-03,TX_HOBBIES,954
2015-11-03,TX_HOUSEHOLD,2897
2015-11-03,WI_FOODS,8309
2015-11-03,WI_HOBBIES,1009
2015-11-03,WI_HOUSEHOLD,2668
2015-11-04,CA_FOODS,8928
2015-11-04,CA_HOBBIES,1802
2015-11-04,CA_HOUSEHOLD,3536
2015-11-04,TOTAL,32102
2015-11-04,TX_FOODS,5166
2015-11-04,TX_HOBBIES,1079
2015-11-04,TX_HOUSEHOLD,2673
2015-11-04,WI_FOODS,6048
2015-11-04,WI_HOBBIES,765
2015-11-04,WI_HOUSEHOLD,2105
2015-11-05,CA_FOODS,8847
2015-11-05,CA_HOBBIES,1925
2015-11-05,CA_HOUSEHOLD,3649
2015-11-05,TOTAL,34675
2015-11-05,TX_FOODS,5528
2015-11-05,TX_HOBBIES,1197
2015-11-05,TX_HOUSEHOLD,2500
2015-11-05,WI_FOODS,7850
2015-11-05,WI_HOBBIES,891
2015-11-05,WI_HOUSEHOLD,2288
2015-11-06,CA_FOODS,9942
2015-11-06,CA_HOBBIES,2157
2015-11-06,CA_HOUSEHOLD,4144
2015-11-06,TOTAL,39621
2015-11-06,TX_FOODS,6394
2015-11-06,TX_HOBBIES,1146
2015-11-06,TX_HOUSEHOLD,2969
2015-11-06,WI_FOODS,9026
2015-11-06,WI_HOBBIES,1022
2015-11-06,WI_HOUSEHOLD,2821
2015-11-07,CA_FOODS,12848
2015-11-07,CA_HOBBIES,2238
2015-11-07,CA_HOUSEHOLD,5590
2015-11-07,TOTAL,47341
2015-11-07,TX_FOODS,8026
2015-11-07,TX_HOBBIES,1237
2015-11-07,TX_HOUSEHOLD,3501
2015-11-07,WI_FOODS,9220
2015-11-07,WI_HOBBIES,1206
2015-11-07,WI_HOUSEHOLD,3475
2015-11-08,CA_FOODS,13956
2015-11-08,CA_HOBBIES,2510
2015-11-08,CA_HOUSEHOLD,5476
2015-11-08,TOTAL,48411
2015-11-08,TX_FOODS,7493
2015-11-08,TX_HOBBIES,1316
2015-11-08,TX_HOUSEHOLD,3629
2015-11-08,WI_FOODS,10185
2015-11-08,WI_HOBBIES,1106
2015-11-08,WI_HOUSEHOLD,2740
2015-11-09,CA_FOODS,9892
2015-11-09,CA_HOBBIES,1692
2015-11-09,CA_HOUSEHOLD,3436
2015-11-09,TOTAL,36915
2015-11-09,TX_FOODS,6829
2015-11-09,TX_HOBBIES,854
2015-11-09,TX_HOUSEHOLD,2637
2015-11-09,WI_FOODS,8657
2015-11-09,WI_HOBBIES,856
2015-11-09,WI_HOUSEHOLD,2062
2015-11-10,CA_FOODS,9603
2015-11-10,CA_HOBBIES,1730
2015-11-10,CA_HOUSEHOLD,3659
2015-11-10,TOTAL,33374
2015-11-10,TX_FOODS,5531
2015-11-10,TX_HOBBIES,1090
2015-11-10,TX_HOUSEHOLD,2471
2015-11-10,WI_FOODS,6588
2015-11-10,WI_HOBBIES,846
2015-11-10,WI_HOUSEHOLD,1856
2015-11-11,CA_FOODS,8904
2015-11-11,CA_HOBBIES,1892
2015-11-11,CA_HOUSEHOLD,3614
2015-11-11,TOTAL,33338
2015-11-11,TX_FOODS,5531
2015-11-11,TX_HOBBIES,1088
2015-11-11,TX_HOUSEHOLD,2259
2015-11-11,WI_FOODS,7458
2015-11-11,WI_HOBBIES,725
2015-11-11,WI_HOUSEHOLD,1867
2015-11-12,CA_FOODS,8214
2015-11-12,CA_HOBBIES,1885
2015-11-12,CA_HOUSEHOLD,3038
2015-11-12,TOTAL,33242
2015-11-12,TX_FOODS,5847
2015-11-12,TX_HOBBIES,953
2015-11-12,TX_HOUSEHOLD,2234
2015-11-12,WI_FOODS,8482
2015-11-12,WI_HOBBIES,713
2015-11-12,WI_HOUSEHOLD,1876
2015-11-13,CA_FOODS,9077
2015-11-13,CA_HOBBIES,1893
2015-11-13,CA_HOUSEHOLD,3622
2015-11-13,TOTAL,36195
2015-11-13,TX_FOODS,6297
2015-11-13,TX_HOBBIES,1233
2015-11-13,TX_HOUSEHOLD,2458
2015-11-13,WI_FOODS,7898
2015-11-13,WI_HOBBIES,1072
2015-11-13,WI_HOUSEHOLD,2645
2015-11-14,CA_FOODS,12282
2015-11-14,CA_HOBBIES,2272
2015-11-14,CA_HOUSEHOLD,5252
2015-11-14,TOTAL,47342
2015-11-14,TX_FOODS,7310
2015-11-14,TX_HOBBIES,1221
2015-11-14,TX_HOUSEHOLD,3262
2015-11-14,WI_FOODS,10922
2015-11-14,WI_HOBBIES,1253
2015-11-14,WI_HOUSEHOLD,3568
2015-11-15,CA_FOODS,13696
2015-11-15,CA_HOBBIES,2441
2015-11-15,CA_HOUSEHOLD,5500
2015-11-15,TOTAL,49755
2015-11-15,TX_FOODS,8805
2015-11-15,TX_HOBBIES,1197
2015-11-15,TX_HOUSEHOLD,3555
2015-11-15,WI_FOODS,10943
2015-11-15,WI_HOBBIES,967
2015-11-15,WI_HOUSEHOLD,2651
2015-11-16,CA_FOODS,9490
2015-11-16,CA_HOBBIES,1974
2015-11-16,CA_HOUSEHOLD,3663
2015-11-16,TOTAL,35735
2015-11-16,TX_FOODS,6468
2015-11-16,TX_HOBBIES,1123
2015-11-16,TX_HOUSEHOLD,2775
2015-11-16,WI_FOODS,7427
2015-11-16,WI_HOBBIES,810
2015-11-16,WI_HOUSEHOLD,2005
2015-11-17,CA_FOODS,8398
2015-11-17,CA_HOBBIES,2022
2015-11-17,CA_HOUSEHOLD,3354
2015-11-17,TOTAL,29174
2015-11-17,TX_FOODS,4856
2015-11-17,TX_HOBBIES,884
2015-11-17,TX_HOUSEHOLD,1896
2015-11-17,WI_FOODS,5492
2015-11-17,WI_HOBBIES,657
2015-11-17,WI_HOUSEHOLD,1615
2015-11-18,CA_FOODS,8159
2015-11-18,CA_HOBBIES,1889
2015-11-18,CA_HOUSEHOLD,3268
2015-11-18,TOTAL,32160
2015-11-18,TX_FOODS,5801
2015-11-18,TX_HOBBIES,1064
2015-11-18,TX_HOUSEHOLD,2568
2015-11-18,WI_FOODS,6590
2015-11-18,WI_HOBBIES,812
2015-11-18,WI_HOUSEHOLD,2009
2015-11-19,CA_FOODS,8130
2015-11-19,CA_HOBBIES,1858
2015-11-19,CA_HOUSEHOLD,3273
2015-11-19,TOTAL,32365
2015-11-19,TX_FOODS,5678
2015-11-19,TX_HOBBIES,1101
2015-11-19,TX_HOUSEHOLD,2434
2015-11-19,WI_FOODS,6746
2015-11-19,WI_HOBBIES,983
2015-11-19,WI_HOUSEHOLD,2162
2015-11-20,CA_FOODS,9608
2015-11-20,CA_HOBBIES,1940
2015-11-20,CA_HOUSEHOLD,3633
2015-11-20,TOTAL,38357
2015-11-20,TX_FOODS,5783
2015-11-20,TX_HOBBIES,1097
2015-11-20,TX_HOUSEHOLD,2681
2015-11-20,WI_FOODS,9171
2015-11-20,WI_HOBBIES,1387
2015-11-20,WI_HOUSEHOLD,3057
2015-11-21,CA_FOODS,12332
2015-11-21,CA_HOBBIES,2424
2015-11-21,CA_HOUSEHOLD,5176
2015-11-21,TOTAL,42793
2015-11-21,TX_FOODS,7186
2015-11-21,TX_HOBBIES,1198
2015-11-21,TX_HOUSEHOLD,3408
2015-11-21,WI_FOODS,7646
2015-11-21,WI_HOBBIES,876
2015-11-21,WI_HOUSEHOLD,2547
2015-11-22,CA_FOODS,12968
2015-11-22,CA_HOBBIES,2339
2015-11-22,CA_HOUSEHOLD,5531
2015-11-22,TOTAL,44925
2015-11-22,TX_FOODS,7471
2015-11-22,TX_HOBBIES,1383
2015-11-22,TX_HOUSEHOLD,3218
2015-11-22,WI_FOODS,8200
2015-11-22,WI_HOBBIES,1095
2015-11-22,WI_HOUSEHOLD,2720
2015-11-23,CA_FOODS,9960
2015-11-23,CA_HOBBIES,2057
2015-11-23,CA_HOUSEHOLD,4039
2015-11-23,TOTAL,35140
2015-11-23,TX_FOODS,6075
2015-11-23,TX_HOBBIES,1022
2015-11-23,TX_HOUSEHOLD,2644
2015-11-23,WI_FOODS,6549
2015-11-23,WI_HOBBIES,740
2015-11-23,WI_HOUSEHOLD,2054
2015-11-24,CA_FOODS,9659
2015-11-24,CA_HOBBIES,1899
2015-11-24,CA_HOUSEHOLD,3379
2015-11-24,TOTAL,34222
2015-11-24,TX_FOODS,6101
2015-11-24,TX_HOBBIES,1068
2015-11-24,TX_HOUSEHOLD,2427
2015-11-24,WI_FOODS,6628
2015-11-24,WI_HOBBIES,934
2015-11-24,WI_HOUSEHOLD,2127
2015-11-25,CA_FOODS,11308
2015-11-25,CA_HOBBIES,2111
2015-11-25,CA_HOUSEHOLD,3676
2015-11-25,TOTAL,40124
2015-11-25,TX_FOODS,7810
2015-11-25,TX_HOBBIES,1100
2015-11-25,TX_HOUSEHOLD,2722
2015-11-25,WI_FOODS,7931
2015-11-25,WI_HOBBIES,976
2015-11-25,WI_HOUSEHOLD,2490
2015-11-26,CA_FOODS,6673
2015-11-26,CA_HOBBIES,782
2015-11-26,CA_HOUSEHOLD,2115
2015-11-26,TOTAL,23631
2015-11-26,TX_FOODS,5471
2015-11-26,TX_HOBBIES,521
2015-11-26,TX_HOUSEHOLD,1863
2015-11-26,WI_FOODS,4645
2015-11-26,WI_HOBBIES,328
2015-11-26,WI_HOUSEHOLD,1233
2015-11-27,CA_FOODS,7025
2015-11-27,CA_HOBBIES,1403
2015-11-27,CA_HOUSEHOLD,3109
2015-11-27,TOTAL,27581
2015-11-27,TX_FOODS,4659
2015-11-27,TX_HOBBIES,950
2015-11-27,TX_HOUSEHOLD,2319
2015-11-27,WI_FOODS,5163
2015-11-27,WI_HOBBIES,895
2015-11-27,WI_HOUSEHOLD,2058
2015-11-28,CA_FOODS,8801
2015-11-28,CA_HOBBIES,2093
2015-11-28,CA_HOUSEHOLD,4194
2015-11-28,TOTAL,34212
2015-11-28,TX_FOODS,5559
2015-11-28,TX_HOBBIES,1028
2015-11-28,TX_HOUSEHOLD,2607
2015-11-28,WI_FOODS,6470
2015-11-28,WI_HOBBIES,939
2015-11-28,WI_HOUSEHOLD,2521
2015-11-29,CA_FOODS,10509
2015-11-29,CA_HOBBIES,1972
2015-11-29,CA_HOUSEHOLD,4735
2015-11-29,TOTAL,37782
2015-11-29,TX_FOODS,5994
2015-11-29,TX_HOBBIES,1170
2015-11-29,TX_HOUSEHOLD,2721
2015-11-29,WI_FOODS,7224
2015-11-29,WI_HOBBIES,915
2015-11-29,WI_HOUSEHOLD,2542
2015-11-30,CA_FOODS,8897
2015-11-30,CA_HOBBIES,1884
2015-11-30,CA_HOUSEHOLD,3668
2015-11-30,TOTAL,32016
2015-11-30,TX_FOODS,5206
2015-11-30,TX_HOBBIES,1017
2015-11-30,TX_HOUSEHOLD,2552
2015-11-30,WI_FOODS,5894
2015-11-30,WI_HOBBIES,895
2015-11-30,WI_HOUSEHOLD,2003
2015-12-01,CA_FOODS,8857
2015-12-01,CA_HOBBIES,2243
2015-12-01,CA_HOUSEHOLD,3723
2015-12-01,TOTAL,34818
2015-12-01,TX_FOODS,6072
2015-12-01,TX_HOBBIES,959
2015-12-01,TX_HOUSEHOLD,2708
2015-12-01,WI_FOODS,6439
2015-12-01,WI_HOBBIES,991
2015-12-01,WI_HOUSEHOLD,2826
2015-12-02,CA_FOODS,8729
2015-12-02,CA_HOBBIES,1835
2015-12-02,CA_HOUSEHOLD,3610
2015-12-02,TOTAL,33732
2015-12-02,TX_FOODS,5072
2015-12-02,TX_HOBBIES,1010
2015-12-02,TX_HOUSEHOLD,2419
2015-12-02,WI_FOODS,8092
2015-12-02,WI_HOBBIES,775
2015-12-02,WI_HOUSEHOLD,2190
2015-12-03,CA_FOODS,8964
2015-12-03,CA_HOBBIES,2202
2015-12-03,CA_HOUSEHOLD,3854
2015-12-03,TOTAL,38029
2015-12-03,TX_FOODS,5728
2015-12-03,TX_HOBBIES,1264
2015-12-03,TX_HOUSEHOLD,2702
2015-12-03,WI_FOODS,9218
2015-12-03,WI_HOBBIES,1012
2015-12-03,WI_HOUSEHOLD,3085
2015-12-04,CA_FOODS,9773
2015-12-04,CA_HOBBIES,2265
2015-12-04,CA_HOUSEHOLD,4628
2015-12-04,TOTAL,38187
2015-12-04,TX_FOODS,5349
2015-12-04,TX_HOBBIES,981
2015-12-04,TX_HOUSEHOLD,2811
2015-12-04,WI_FOODS,8207
2015-12-04,WI_HOBBIES,1151
2015-12-04,WI_HOUSEHOLD,3022
2015-12-05,CA_FOODS,12172
2015-12-05,CA_HOBBIES,2669
2015-12-05,CA_HOUSEHOLD,5361
2015-12-05,TOTAL,47025
2015-12-05,TX_FOODS,6985
2015-12-05,TX_HOBBIES,1283
2015-12-05,TX_HOUSEHOLD,3181
2015-12-05,WI_FOODS,10710
2015-12-05,WI_HOBBIES,1335
2015-12-05,WI_HOUSEHOLD,3329
2015-12-06,CA_FOODS,13253
2015-12-06,CA_HOBBIES,2441
2015-12-06,CA_HOUSEHOLD,5407
2015-12-06,TOTAL,48415
2015-12-06,TX_FOODS,7744
2015-12-06,TX_HOBBIES,1333
2015-12-06,TX_HOUSEHOLD,3302
2015-12-06,WI_FOODS,10797
2015-12-06,WI_HOBBIES,1145
2015-12-06,WI_HOUSEHOLD,2993
2015-12-07,CA_FOODS,9725
2015-12-07,CA_HOBBIES,1826
2015-12-07,CA_HOUSEHOLD,3709
2015-12-07,TOTAL,35408
2015-12-07,TX_FOODS,6388
2015-12-07,TX_HOBBIES,963
2015-12-07,TX_HOUSEHOLD,2784
2015-12-07,WI_FOODS,7154
2015-12-07,WI_HOBBIES,848
2015-12-07,WI_HOUSEHOLD,2011
2015-12-08,CA_FOODS,8852
2015-12-08,CA_HOBBIES,1807
2015-12-08,CA_HOUSEHOLD,3197
2015-12-08,TOTAL,32913
2015-12-08,TX_FOODS,5188
2015-12-08,TX_HOBBIES,963
2015-12-08,TX_HOUSEHOLD,2320
2015-12-08,WI_FOODS,7849
2015-12-08,WI_HOBBIES,820
2015-12-08,WI_HOUSEHOLD,1917
2015-12-09,CA_FOODS,8599
2015-12-09,CA_HOBBIES,1802
2015-12-09,CA_HOUSEHOLD,3366
2015-12-09,TOTAL,33690
2015-12-09,TX_FOODS,5452
2015-12-09,TX_HOBBIES,943
2015-12-09,TX_HOUSEHOLD,2385
2015-12-09,WI_FOODS,8321
2015-12-09,WI_HOBBIES,882
2015-12-09,WI_HOUSEHOLD,1940
2015-12-10,CA_FOODS,8784
2015-12-10,CA_HOBBIES,1918
2015-12-10,CA_HOUSEHOLD,3100
2015-12-10,TOTAL,32159
2015-12-10,TX_FOODS,5291
2015-12-10,TX_HOBBIES,965
2015-12-10,TX_HOUSEHOLD,2582
2015-12-10,WI_FOODS,6766
2015-12-10,WI_HOBBIES,855
2015-12-10,WI_HOUSEHOLD,1898
2015-12-11,CA_FOODS,8924
2015-12-11,CA_HOBBIES,2071
2015-12-11,CA_HOUSEHOLD,3617
2015-12-11,TOTAL,36343
2015-12-11,TX_FOODS,6143
2015-12-11,TX_HOBBIES,1060
2015-12-11,TX_HOUSEHOLD,2544
2015-12-11,WI_FOODS,8565
2015-12-11,WI_HOBBIES,1078
2015-12-11,WI_HOUSEHOLD,2341
2015-12-12,CA_FOODS,11749
2015-12-12,CA_HOBBIES,2472
2015-12-12,CA_HOUSEHOLD,5143
2015-12-12,TOTAL,45975
2015-12-12,TX_FOODS,7405
2015-12-12,TX_HOBBIES,1355
2015-12-12,TX_HOUSEHOLD,3373
2015-12-12,WI_FOODS,10523
2015-12-12,WI_HOBBIES,1146
2015-12-12,WI_HOUSEHOLD,2809
2015-12-13,CA_FOODS,12357
2015-12-13,CA_HOBBIES,2384
2015-12-13,CA_HOUSEHOLD,4972
2015-12-13,TOTAL,45133
2015-12-13,TX_FOODS,8117
2015-12-13,TX_HOBBIES,1342
2015-12-13,TX_HOUSEHOLD,3204
2015-12-13,WI_FOODS,9072
2015-12-13,WI_HOBBIES,1012
2015-12-13,WI_HOUSEHOLD,2673
2015-12-14,CA_FOODS,9708
2015-12-14,CA_HOBBIES,1996
2015-12-14,CA_HOUSEHOLD,3775
2015-12-14,TOTAL,37522
2015-12-14,TX_FOODS,6955
2015-12-14,TX_HOBBIES,1037
2015-12-14,TX_HOUSEHOLD,2831
2015-12-14,WI_FOODS,8399
2015-12-14,WI_HOBBIES,843
2015-12-14,WI_HOUSEHOLD,1978
2015-12-15,CA_FOODS,9065
2015-12-15,CA_HOBBIES,1729
2015-12-15,CA_HOUSEHOLD,3394
2015-12-15,TOTAL,36130
2015-12-15,TX_FOODS,6869
2015-12-15,TX_HOBBIES,1034
2015-12-15,TX_HOUSEHOLD,2620
2015-12-15,WI_FOODS,8362
2015-12-15,WI_HOBBIES,998
2015-12-15,WI_HOUSEHOLD,2059
2015-12-16,CA_FOODS,9083
2015-12-16,CA_HOBBIES,1936
2015-12-16,CA_HOUSEHOLD,3287
2015-12-16,TOTAL,34123
2015-12-16,TX_FOODS,6407
2015-12-16,TX_HOBBIES,1038
2015-12-16,TX_HOUSEHOLD,2604
2015-12-16,WI_FOODS,6942
2015-12-16,WI_HOBBIES,887
2015-12-16,WI_HOUSEHOLD,1939
2015-12-17,CA_FOODS,9483
2015-12-17,CA_HOBBIES,1920
2015-12-17,CA_HOUSEHOLD,3350
2015-12-17,TOTAL,35454
2015-12-17,TX_FOODS,6903
2015-12-17,TX_HOBBIES,1094
2015-12-17,TX_HOUSEHOLD,2400
2015-12-17,WI_FOODS,7214
2015-12-17,WI_HOBBIES,941
2015-12-17,WI_HOUSEHOLD,2149
2015-12-18,CA_FOODS,9143
2015-12-18,CA_HOBBIES,2018
2015-12-18,CA_HOUSEHOLD,3433
2015-12-18,TOTAL,34756
2015-12-18,TX_FOODS,5987
2015-12-18,TX_HOBBIES,980
2015-12-18,TX_HOUSEHOLD,2408
2015-12-18,WI_FOODS,7200
2015-12-18,WI_HOBBIES,1144
2015-12-18,WI_HOUSEHOLD,2443
2015-12-19,CA_FOODS,12315
2015-12-19,CA_HOBBIES,2633
2015-12-19,CA_HOUSEHOLD,4992
2015-12-19,TOTAL,43488
2015-12-19,TX_FOODS,6633
2015-12-19,TX_HOBBIES,1156
2015-12-19,TX_HOUSEHOLD,3197
2015-12-19,WI_FOODS,8511
2015-12-19,WI_HOBBIES,1212
2015-12-19,WI_HOUSEHOLD,2839
2015-12-20,CA_FOODS,11696
2015-12-20,CA_HOBBIES,2567
2015-12-20,CA_HOUSEHOLD,4733
2015-12-20,TOTAL,43011
2015-12-20,TX_FOODS,7082
2015-12-20,TX_HOBBIES,1283
2015-12-20,TX_HOUSEHOLD,3301
2015-12-20,WI_FOODS,8663
2015-12-20,WI_HOBBIES,1028
2015-12-20,WI_HOUSEHOLD,2658
2015-12-21,CA_FOODS,9577
2015-12-21,CA_HOBBIES,2022
2015-12-21,CA_HOUSEHOLD,3818
2015-12-21,TOTAL,35522
2015-12-21,TX_FOODS,6015
2015-12-21,TX_HOBBIES,1086
2015-12-21,TX_HOUSEHOLD,2653
2015-12-21,WI_FOODS,7224
2015-12-21,WI_HOBBIES,907
2015-12-21,WI_HOUSEHOLD,2220
2015-12-22,CA_FOODS,10304
2015-12-22,CA_HOBBIES,2029
2015-12-22,CA_HOUSEHOLD,3693
2015-12-22,TOTAL,36612
2015-12-22,TX_FOODS,6190
2015-12-22,TX_HOBBIES,982
2015-12-22,TX_HOUSEHOLD,2798
2015-12-22,WI_FOODS,7410
2015-12-22,WI_HOBBIES,955
2015-12-22,WI_HOUSEHOLD,2251
2015-12-23,CA_FOODS,10746
2015-12-23,CA_HOBBIES,2096
2015-12-23,CA_HOUSEHOLD,3680
2015-12-23,TOTAL,38752
2015-12-23,TX_FOODS,6642
2015-12-23,TX_HOBBIES,1087
2015-12-23,TX_HOUSEHOLD,2896
2015-12-23,WI_FOODS,8013
2015-12-23,WI_HOBBIES,1088
2015-12-23,WI_HOUSEHOLD,2504
2015-12-24,CA_FOODS,9336
2015-12-24,CA_HOBBIES,1690
2015-12-24,CA_HOUSEHOLD,2815
2015-12-24,TOTAL,36227
2015-12-24,TX_FOODS,7229
2015-12-24,TX_HOBBIES,777
2015-12-24,TX_HOUSEHOLD,2749
2015-12-24,WI_FOODS,8236
2015-12-24,WI_HOBBIES,941
2015-12-24,WI_HOUSEHOLD,2454
2015-12-25,CA_FOODS,8807
2015-12-25,CA_HOBBIES,1752
2015-12-25,CA_HOUSEHOLD,3420
2015-12-25,TOTAL,33704
2015-12-25,TX_FOODS,5792
2015-12-25,TX_HOBBIES,900
2015-12-25,TX_HOUSEHOLD,2418
2015-12-25,WI_FOODS,7106
2015-12-25,WI_HOBBIES,1010
2015-12-25,WI_HOUSEHOLD,2499
2015-12-26,CA_FOODS,9813
2015-12-26,CA_HOBBIES,2229
2015-12-26,CA_HOUSEHOLD,4323
2015-12-26,TOTAL,38377
2015-12-26,TX_FOODS,6319
2015-12-26,TX_HOBBIES,1531
2015-12-26,TX_HOUSEHOLD,4056
2015-12-26,WI_FOODS,6356
2015-12-26,WI_HOBBIES,1217
2015-12-26,WI_HOUSEHOLD,2533
2015-12-27,CA_FOODS,9449
2015-12-27,CA_HOBBIES,2243
2015-12-27,CA_HOUSEHOLD,4333
2015-12-27,TOTAL,35378
2015-12-27,TX_FOODS,5513
2015-12-27,TX_HOBBIES,985
2015-12-27,TX_HOUSEHOLD,3029
2015-12-27,WI_FOODS,6558
2015-12-27,WI_HOBBIES,864
2015-12-27,WI_HOUSEHOLD,2404
2015-12-28,CA_FOODS,9020
2015-12-28,CA_HOBBIES,2007
2015-12-28,CA_HOUSEHOLD,4016
2015-12-28,TOTAL,29964
2015-12-28,TX_FOODS,5273
2015-12-28,TX_HOBBIES,948
2015-12-28,TX_HOUSEHOLD,2944
2015-12-28,WI_FOODS,4114
2015-12-28,WI_HOBBIES,473
2015-12-28,WI_HOUSEHOLD,1169
2015-12-29,CA_FOODS,8738
2015-12-29,CA_HOBBIES,1921
2015-12-29,CA_HOUSEHOLD,4010
2015-12-29,TOTAL,31893
2015-12-29,TX_FOODS,5214
2015-12-29,TX_HOBBIES,941
2015-12-29,TX_HOUSEHOLD,2729
2015-12-29,WI_FOODS,5634
2015-12-29,WI_HOBBIES,745
2015-12-29,WI_HOUSEHOLD,1961
2015-12-30,CA_FOODS,9125
2015-12-30,CA_HOBBIES,1939
2015-12-30,CA_HOUSEHOLD,3715
2015-12-30,TOTAL,34127
2015-12-30,TX_FOODS,5311
2015-12-30,TX_HOBBIES,787
2015-12-30,TX_HOUSEHOLD,2642
2015-12-30,WI_FOODS,7217
2015-12-30,WI_HOBBIES,960
2015-12-30,WI_HOUSEHOLD,2431
2015-12-31,CA_FOODS,11030
2015-12-31,CA_HOBBIES,1852
2015-12-31,CA_HOUSEHOLD,3366
2015-12-31,TOTAL,43059
2015-12-31,TX_FOODS,7062
2015-12-31,TX_HOBBIES,996
2015-12-31,TX_HOUSEHOLD,3104
2015-12-31,WI_FOODS,10356
2015-12-31,WI_HOBBIES,1351
2015-12-31,WI_HOUSEHOLD,3942
2016-01-01,CA_FOODS,8471
2016-01-01,CA_HOBBIES,1486
2016-01-01,CA_HOUSEHOLD,3407
2016-01-01,TOTAL,32651
2016-01-01,TX_FOODS,5596
2016-01-01,TX_HOBBIES,820
2016-01-01,TX_HOUSEHOLD,2429
2016-01-01,WI_FOODS,7011
2016-01-01,WI_HOBBIES,876
2016-01-01,WI_HOUSEHOLD,2555
2016-01-02,CA_FOODS,11446
2016-01-02,CA_HOBBIES,2466
2016-01-02,CA_HOUSEHOLD,5142
2016-01-02,TOTAL,44737
2016-01-02,TX_FOODS,5867
2016-01-02,TX_HOBBIES,1147
2016-01-02,TX_HOUSEHOLD,3394
2016-01-02,WI_FOODS,10509
2016-01-02,WI_HOBBIES,1338
2016-01-02,WI_HOUSEHOLD,3428
2016-01-03,CA_FOODS,12400
2016-01-03,CA_HOBBIES,2162
2016-01-03,CA_HOUSEHOLD,5062
2016-01-03,TOTAL,44340
2016-01-03,TX_FOODS,6959
2016-01-03,TX_HOBBIES,879
2016-01-03,TX_HOUSEHOLD,3243
2016-01-03,WI_FOODS,9955
2016-01-03,WI_HOBBIES,819
2016-01-03,WI_HOUSEHOLD,2861
2016-01-04,CA_FOODS,10675
2016-01-04,CA_HOBBIES,1815
2016-01-04,CA_HOUSEHOLD,3965
2016-01-04,TOTAL,36693
2016-01-04,TX_FOODS,5811
2016-01-04,TX_HOBBIES,1100
2016-01-04,TX_HOUSEHOLD,2945
2016-01-04,WI_FOODS,7134
2016-01-04,WI_HOBBIES,827
2016-01-04,WI_HOUSEHOLD,2421
2016-01-05,CA_FOODS,9359
2016-01-05,CA_HOBBIES,1780
2016-01-05,CA_HOUSEHOLD,3282
2016-01-05,TOTAL,35306
2016-01-05,TX_FOODS,5958
2016-01-05,TX_HOBBIES,786
2016-01-05,TX_HOUSEHOLD,2588
2016-01-05,WI_FOODS,8452
2016-01-05,WI_HOBBIES,761
2016-01-05,WI_HOUSEHOLD,2340
2016-01-06,CA_FOODS,8940
2016-01-06,CA_HOBBIES,1675
2016-01-06,CA_HOUSEHOLD,2957
2016-01-06,TOTAL,32685
2016-01-06,TX_FOODS,5173
2016-01-06,TX_HOBBIES,771
2016-01-06,TX_HOUSEHOLD,1984
2016-01-06,WI_FOODS,8248
2016-01-06,WI_HOBBIES,794
2016-01-06,WI_HOUSEHOLD,2143
2016-01-07,CA_FOODS,10077
2016-01-07,CA_HOBBIES,1803
2016-01-07,CA_HOUSEHOLD,3538
2016-01-07,TOTAL,35944
2016-01-07,TX_FOODS,6955
2016-01-07,TX_HOBBIES,848
2016-01-07,TX_HOUSEHOLD,2704
2016-01-07,WI_FOODS,7413
2016-01-07,WI_HOBBIES,676
2016-01-07,WI_HOUSEHOLD,1930
2016-01-08,CA_FOODS,10623
2016-01-08,CA_HOBBIES,1876
2016-01-08,CA_HOUSEHOLD,3743
2016-01-08,TOTAL,38936
2016-01-08,TX_FOODS,6491
2016-01-08,TX_HOBBIES,877
2016-01-08,TX_HOUSEHOLD,2675
2016-01-08,WI_FOODS,9237
2016-01-08,WI_HOBBIES,1019
2016-01-08,WI_HOUSEHOLD,2395
2016-01-09,CA_FOODS,15028
2016-01-09,CA_HOBBIES,2444
2016-01-09,CA_HOUSEHOLD,5450
2016-01-09,TOTAL,52880
2016-01-09,TX_FOODS,8402
2016-01-09,TX_HOBBIES,1156
2016-01-09,TX_HOUSEHOLD,3600
2016-01-09,WI_FOODS,12368
2016-01-09,WI_HOBBIES,1236
2016-01-09,WI_HOUSEHOLD,3196
2016-01-10,CA_FOODS,14827
2016-01-10,CA_HOBBIES,2300
2016-01-10,CA_HOUSEHOLD,5089
2016-01-10,TOTAL,47369
2016-01-10,TX_FOODS,8087
2016-01-10,TX_HOBBIES,1260
2016-01-10,TX_HOUSEHOLD,3286
2016-01-10,WI_FOODS,9356
2016-01-10,WI_HOBBIES,818
2016-01-10,WI_HOUSEHOLD,2346
2016-01-11,CA_FOODS,10971
2016-01-11,CA_HOBBIES,1678
2016-01-11,CA_HOUSEHOLD,3557
2016-01-11,TOTAL,37986
2016-01-11,TX_FOODS,7119
2016-01-11,TX_HOBBIES,1030
2016-01-11,TX_HOUSEHOLD,2377
2016-01-11,WI_FOODS,9011
2016-01-11,WI_HOBBIES,501
2016-01-11,WI_HOUSEHOLD,1742
2016-01-12,CA_FOODS,9299
2016-01-12,CA_HOBBIES,1559
2016-01-12,CA_HOUSEHOLD,3200
2016-01-12,TOTAL,35122
2016-01-12,TX_FOODS,7080
2016-01-12,TX_HOBBIES,760
2016-01-12,TX_HOUSEHOLD,2350
2016-01-12,WI_FOODS,8593
2016-01-12,WI_HOBBIES,721
2016-01-12,WI_HOUSEHOLD,1560
2016-01-13,CA_FOODS,8524
2016-01-13,CA_HOBBIES,1550
2016-01-13,CA_HOUSEHOLD,2927
2016-01-13,TOTAL,32231
2016-01-13,TX_FOODS,6616
2016-01-13,TX_HOBBIES,820
2016-01-13,TX_HOUSEHOLD,2103
2016-01-13,WI_FOODS,7205
2016-01-13,WI_HOBBIES,647
2016-01-13,WI_HOUSEHOLD,1839
2016-01-14,CA_FOODS,8685
2016-01-14,CA_HOBBIES,1648
2016-01-14,CA_HOUSEHOLD,3038
2016-01-14,TOTAL,35856
2016-01-14,TX_FOODS,6030
2016-01-14,TX_HOBBIES,975
2016-01-14,TX_HOUSEHOLD,2304
2016-01-14,WI_FOODS,9954
2016-01-14,WI_HOBBIES,798
2016-01-14,WI_HOUSEHOLD,2424
2016-01-15,CA_FOODS,10388
2016-01-15,CA_HOBBIES,1801
2016-01-15,CA_HOUSEHOLD,3611
2016-01-15,TOTAL,41790
2016-01-15,TX_FOODS,7171
2016-01-15,TX_HOBBIES,933
2016-01-15,TX_HOUSEHOLD,2754
2016-01-15,WI_FOODS,11061
2016-01-15,WI_HOBBIES,996
2016-01-15,WI_HOUSEHOLD,3075
2016-01-16,CA_FOODS,13916
2016-01-16,CA_HOBBIES,2153
2016-01-16,CA_HOUSEHOLD,5311
2016-01-16,TOTAL,51146
2016-01-16,TX_FOODS,8102
2016-01-16,TX_HOBBIES,1186
2016-01-16,TX_HOUSEHOLD,3476
2016-01-16,WI_FOODS,12137
2016-01-16,WI_HOBBIES,1385
2016-01-16,WI_HOUSEHOLD,3480
2016-01-17,CA_FOODS,13382
2016-01-17,CA_HOBBIES,2286
2016-01-17,CA_HOUSEHOLD,5184
2016-01-17,TOTAL,45533
2016-01-17,TX_FOODS,8443
2016-01-17,TX_HOBBIES,1153
2016-01-17,TX_HOUSEHOLD,3510
2016-01-17,WI_FOODS,8509
2016-01-17,WI_HOBBIES,694
2016-01-17,WI_HOUSEHOLD,2372
2016-01-18,CA_FOODS,11867
2016-01-18,CA_HOBBIES,1765
2016-01-18,CA_HOUSEHOLD,4372
2016-01-18,TOTAL,38340
2016-01-18,TX_FOODS,6871
2016-01-18,TX_HOBBIES,985
2016-01-18,TX_HOUSEHOLD,2829
2016-01-18,WI_FOODS,7134
2016-01-18,WI_HOBBIES,579
2016-01-18,WI_HOUSEHOLD,1938
2016-01-19,CA_FOODS,9019
2016-01-19,CA_HOBBIES,1498
2016-01-19,CA_HOUSEHOLD,2866
2016-01-19,TOTAL,31988
2016-01-19,TX_FOODS,5787
2016-01-19,TX_HOBBIES,902
2016-01-19,TX_HOUSEHOLD,2321
2016-01-19,WI_FOODS,7058
2016-01-19,WI_HOBBIES,648
2016-01-19,WI_HOUSEHOLD,1889
2016-01-20,CA_FOODS,9241
2016-01-20,CA_HOBBIES,1688
2016-01-20,CA_HOUSEHOLD,3312
2016-01-20,TOTAL,32684
2016-01-20,TX_FOODS,5611
2016-01-20,TX_HOBBIES,841
2016-01-20,TX_HOUSEHOLD,2317
2016-01-20,WI_FOODS,6815
2016-01-20,WI_HOBBIES,870
2016-01-20,WI_HOUSEHOLD,1989
2016-01-21,CA_FOODS,8859
2016-01-21,CA_HOBBIES,1832
2016-01-21,CA_HOUSEHOLD,3246
2016-01-21,TOTAL,31779
2016-01-21,TX_FOODS,5505
2016-01-21,TX_HOBBIES,808
2016-01-21,TX_HOUSEHOLD,2344
2016-01-21,WI_FOODS,6529
2016-01-21,WI_HOBBIES,734
2016-01-21,WI_HOUSEHOLD,1922
2016-01-22,CA_FOODS,9862
2016-01-22,CA_HOBBIES,1846
2016-01-22,CA_HOUSEHOLD,3394
2016-01-22,TOTAL,36307
2016-01-22,TX_FOODS,6446
2016-01-22,TX_HOBBIES,1056
2016-01-22,TX_HOUSEHOLD,2630
2016-01-22,WI_FOODS,7679
2016-01-22,WI_HOBBIES,861
2016-01-22,WI_HOUSEHOLD,2533
2016-01-23,CA_FOODS,14480
2016-01-23,CA_HOBBIES,2483
2016-01-23,CA_HOUSEHOLD,5880
2016-01-23,TOTAL,48927
2016-01-23,TX_FOODS,7302
2016-01-23,TX_HOBBIES,1056
2016-01-23,TX_HOUSEHOLD,3478
2016-01-23,WI_FOODS,9642
2016-01-23,WI_HOBBIES,1273
2016-01-23,WI_HOUSEHOLD,3333
2016-01-24,CA_FOODS,14351
2016-01-24,CA_HOBBIES,1993
2016-01-24,CA_HOUSEHOLD,5501
2016-01-24,TOTAL,47832
2016-01-24,TX_FOODS,7989
2016-01-24,TX_HOBBIES,1147
2016-01-24,TX_HOUSEHOLD,3583
2016-01-24,WI_FOODS,9270
2016-01-24,WI_HOBBIES,967
2016-01-24,WI_HOUSEHOLD,3031
2016-01-25,CA_FOODS,10171
2016-01-25,CA_HOBBIES,1723
2016-01-25,CA_HOUSEHOLD,3945
2016-01-25,TOTAL,34389
2016-01-25,TX_FOODS,6006
2016-01-25,TX_HOBBIES,983
2016-01-25,TX_HOUSEHOLD,2656
2016-01-25,WI_FOODS,6082
2016-01-25,WI_HOBBIES,799
2016-01-25,WI_HOUSEHOLD,2024
2016-01-26,CA_FOODS,9015
2016-01-26,CA_HOBBIES,1540
2016-01-26,CA_HOUSEHOLD,3317
2016-01-26,TOTAL,30446
2016-01-26,TX_FOODS,5147
2016-01-26,TX_HOBBIES,816
2016-01-26,TX_HOUSEHOLD,2195
2016-01-26,WI_FOODS,5819
2016-01-26,WI_HOBBIES,684
2016-01-26,WI_HOUSEHOLD,1913
2016-01-27,CA_FOODS,8710
2016-01-27,CA_HOBBIES,1777
2016-01-27,CA_HOUSEHOLD,3281
2016-01-27,TOTAL,31349
2016-01-27,TX_FOODS,5259
2016-01-27,TX_HOBBIES,1009
2016-01-27,TX_HOUSEHOLD,2244
2016-01-27,WI_FOODS,6163
2016-01-27,WI_HOBBIES,810
2016-01-27,WI_HOUSEHOLD,2096
2016-01-28,CA_FOODS,8782
2016-01-28,CA_HOBBIES,1739
2016-01-28,CA_HOUSEHOLD,3277
2016-01-28,TOTAL,32466
2016-01-28,TX_FOODS,5662
2016-01-28,TX_HOBBIES,869
2016-01-28,TX_HOUSEHOLD,2365
2016-01-28,WI_FOODS,6667
2016-01-28,WI_HOBBIES,812
2016-01-28,WI_HOUSEHOLD,2293
2016-01-29,CA_FOODS,10121
2016-01-29,CA_HOBBIES,1927
2016-01-29,CA_HOUSEHOLD,3856
2016-01-29,TOTAL,37639
2016-01-29,TX_FOODS,5953
2016-01-29,TX_HOBBIES,984
2016-01-29,TX_HOUSEHOLD,2804
2016-01-29,WI_FOODS,7981
2016-01-29,WI_HOBBIES,1067
2016-01-29,WI_HOUSEHOLD,2946
2016-01-30,CA_FOODS,13214
2016-01-30,CA_HOBBIES,2411
2016-01-30,CA_HOUSEHOLD,5769
2016-01-30,TOTAL,49104
2016-01-30,TX_FOODS,7230
2016-01-30,TX_HOBBIES,1273
2016-01-30,TX_HOUSEHOLD,3430
2016-01-30,WI_FOODS,10419
2016-01-30,WI_HOBBIES,1455
2016-01-30,WI_HOUSEHOLD,3903
2016-01-31,CA_FOODS,14647
2016-01-31,CA_HOBBIES,2695
2016-01-31,CA_HOUSEHOLD,6164
2016-01-31,TOTAL,50831
2016-01-31,TX_FOODS,8117
2016-01-31,TX_HOBBIES,1414
2016-01-31,TX_HOUSEHOLD,3483
2016-01-31,WI_FOODS,9934
2016-01-31,WI_HOBBIES,1045
2016-01-31,WI_HOUSEHOLD,3332
2016-02-01,CA_FOODS,10501
2016-02-01,CA_HOBBIES,1946
2016-02-01,CA_HOUSEHOLD,4171
2016-02-01,TOTAL,41714
2016-02-01,TX_FOODS,7598
2016-02-01,TX_HOBBIES,1066
2016-02-01,TX_HOUSEHOLD,3036
2016-02-01,WI_FOODS,8591
2016-02-01,WI_HOBBIES,1092
2016-02-01,WI_HOUSEHOLD,3713
2016-02-02,CA_FOODS,9835
2016-02-02,CA_HOBBIES,1734
2016-02-02,CA_HOUSEHOLD,3577
2016-02-02,TOTAL,34928
2016-02-02,TX_FOODS,5609
2016-02-02,TX_HOBBIES,906
2016-02-02,TX_HOUSEHOLD,2428
2016-02-02,WI_FOODS,7889
2016-02-02,WI_HOBBIES,664
2016-02-02,WI_HOUSEHOLD,2286
2016-02-03,CA_FOODS,9836
2016-02-03,CA_HOBBIES,1770
2016-02-03,CA_HOUSEHOLD,3766
2016-02-03,TOTAL,39340
2016-02-03,TX_FOODS,7063
2016-02-03,TX_HOBBIES,1056
2016-02-03,TX_HOUSEHOLD,2775
2016-02-03,WI_FOODS,9399
2016-02-03,WI_HOBBIES,907
2016-02-03,WI_HOUSEHOLD,2768
2016-02-04,CA_FOODS,10084
2016-02-04,CA_HOBBIES,1760
2016-02-04,CA_HOUSEHOLD,3612
2016-02-04,TOTAL,35424
2016-02-04,TX_FOODS,5872
2016-02-04,TX_HOBBIES,1055
2016-02-04,TX_HOUSEHOLD,2384
2016-02-04,WI_FOODS,7344
2016-02-04,WI_HOBBIES,782
2016-02-04,WI_HOUSEHOLD,2531
2016-02-05,CA_FOODS,10994
2016-02-05,CA_HOBBIES,1922
2016-02-05,CA_HOUSEHOLD,3989
2016-02-05,TOTAL,40193
2016-02-05,TX_FOODS,6604
2016-02-05,TX_HOBBIES,1116
2016-02-05,TX_HOUSEHOLD,2630
2016-02-05,WI_FOODS,9124
2016-02-05,WI_HOBBIES,1001
2016-02-05,WI_HOUSEHOLD,2813
2016-02-06,CA_FOODS,15351
2016-02-06,CA_HOBBIES,2501
2016-02-06,CA_HOUSEHOLD,5358
2016-02-06,TOTAL,55040
2016-02-06,TX_FOODS,8814
2016-02-06,TX_HOBBIES,1191
2016-02-06,TX_HOUSEHOLD,3606
2016-02-06,WI_FOODS,13247
2016-02-06,WI_HOBBIES,1405
2016-02-06,WI_HOUSEHOLD,3567
2016-02-07,CA_FOODS,12728
2016-02-07,CA_HOBBIES,1760
2016-02-07,CA_HOUSEHOLD,4172
2016-02-07,TOTAL,46893
2016-02-07,TX_FOODS,9422
2016-02-07,TX_HOBBIES,1365
2016-02-07,TX_HOUSEHOLD,3362
2016-02-07,WI_FOODS,10271
2016-02-07,WI_HOBBIES,961
2016-02-07,WI_HOUSEHOLD,2852
2016-02-08,CA_FOODS,10113
2016-02-08,CA_HOBBIES,1578
2016-02-08,CA_HOUSEHOLD,3875
2016-02-08,TOTAL,36804
2016-02-08,TX_FOODS,6725
2016-02-08,TX_HOBBIES,899
2016-02-08,TX_HOUSEHOLD,2642
2016-02-08,WI_FOODS,8306
2016-02-08,WI_HOBBIES,694
2016-02-08,WI_HOUSEHOLD,1972
2016-02-09,CA_FOODS,10184
2016-02-09,CA_HOBBIES,1746
2016-02-09,CA_HOUSEHOLD,3644
2016-02-09,TOTAL,38513
2016-02-09,TX_FOODS,6958
2016-02-09,TX_HOBBIES,972
2016-02-09,TX_HOUSEHOLD,2610
2016-02-09,WI_FOODS,9230
2016-02-09,WI_HOBBIES,875
2016-02-09,WI_HOUSEHOLD,2294
2016-02-10,CA_FOODS,11008
2016-02-10,CA_HOBBIES,1664
2016-02-10,CA_HOUSEHOLD,3653
2016-02-10,TOTAL,39353
2016-02-10,TX_FOODS,6832
2016-02-10,TX_HOBBIES,1021
2016-02-10,TX_HOUSEHOLD,2982
2016-02-10,WI_FOODS,8272
2016-02-10,WI_HOBBIES,940
2016-02-10,WI_HOUSEHOLD,2981
2016-02-11,CA_FOODS,11221
2016-02-11,CA_HOBBIES,1884
2016-02-11,CA_HOUSEHOLD,3858
2016-02-11,TOTAL,44584
2016-02-11,TX_FOODS,8432
2016-02-11,TX_HOBBIES,1108
2016-02-11,TX_HOUSEHOLD,3128
2016-02-11,WI_FOODS,10799
2016-02-11,WI_HOBBIES,904
2016-02-11,WI_HOUSEHOLD,3250
2016-02-12,CA_FOODS,11245
2016-02-12,CA_HOBBIES,1719
2016-02-12,CA_HOUSEHOLD,3892
2016-02-12,TOTAL,44222
2016-02-12,TX_FOODS,7752
2016-02-12,TX_HOBBIES,996
2016-02-12,TX_HOUSEHOLD,3088
2016-02-12,WI_FOODS,11251
2016-02-12,WI_HOBBIES,1120
2016-02-12,WI_HOUSEHOLD,3159
2016-02-13,CA_FOODS,14319
2016-02-13,CA_HOBBIES,2268
2016-02-13,CA_HOUSEHOLD,5261
2016-02-13,TOTAL,53715
2016-02-13,TX_FOODS,9259
2016-02-13,TX_HOBBIES,1331
2016-02-13,TX_HOUSEHOLD,3773
2016-02-13,WI_FOODS,12108
2016-02-13,WI_HOBBIES,1366
2016-02-13,WI_HOUSEHOLD,4030
2016-02-14,CA_FOODS,12334
2016-02-14,CA_HOBBIES,2081
2016-02-14,CA_HOUSEHOLD,4823
2016-02-14,TOTAL,48337
2016-02-14,TX_FOODS,8781
2016-02-14,TX_HOBBIES,1230
2016-02-14,TX_HOUSEHOLD,3381
2016-02-14,WI_FOODS,11883
2016-02-14,WI_HOBBIES,792
2016-02-14,WI_HOUSEHOLD,3032
2016-02-15,CA_FOODS,12544
2016-02-15,CA_HOBBIES,1754
2016-02-15,CA_HOUSEHOLD,4933
2016-02-15,TOTAL,46152
2016-02-15,TX_FOODS,7819
2016-02-15,TX_HOBBIES,1020
2016-02-15,TX_HOUSEHOLD,3276
2016-02-15,WI_FOODS,11319
2016-02-15,WI_HOBBIES,819
2016-02-15,WI_HOUSEHOLD,2668
2016-02-16,CA_FOODS,9752
2016-02-16,CA_HOBBIES,1937
2016-02-16,CA_HOUSEHOLD,3560
2016-02-16,TOTAL,37702
2016-02-16,TX_FOODS,6899
2016-02-16,TX_HOBBIES,846
2016-02-16,TX_HOUSEHOLD,2596
2016-02-16,WI_FOODS,8891
2016-02-16,WI_HOBBIES,763
2016-02-16,WI_HOUSEHOLD,2458
2016-02-17,CA_FOODS,9475
2016-02-17,CA_HOBBIES,1624
2016-02-17,CA_HOUSEHOLD,3456
2016-02-17,TOTAL,36545
2016-02-17,TX_FOODS,6309
2016-02-17,TX_HOBBIES,937
2016-02-17,TX_HOUSEHOLD,2658
2016-02-17,WI_FOODS,8575
2016-02-17,WI_HOBBIES,833
2016-02-17,WI_HOUSEHOLD,2678
2016-02-18,CA_FOODS,9712
2016-02-18,CA_HOBBIES,1813
2016-02-18,CA_HOUSEHOLD,3781
2016-02-18,TOTAL,36436
2016-02-18,TX_FOODS,6416
2016-02-18,TX_HOBBIES,977
2016-02-18,TX_HOUSEHOLD,2709
2016-02-18,WI_FOODS,7612
2016-02-18,WI_HOBBIES,813
2016-02-18,WI_HOUSEHOLD,2603
2016-02-19,CA_FOODS,11035
2016-02-19,CA_HOBBIES,1960
2016-02-19,CA_HOUSEHOLD,4119
2016-02-19,TOTAL,40392
2016-02-19,TX_FOODS,6802
2016-02-19,TX_HOBBIES,971
2016-02-19,TX_HOUSEHOLD,3053
2016-02-19,WI_FOODS,8551
2016-02-19,WI_HOBBIES,1007
2016-02-19,WI_HOUSEHOLD,2894
2016-02-20,CA_FOODS,13547
2016-02-20,CA_HOBBIES,2402
2016-02-20,CA_HOUSEHOLD,5399
2016-02-20,TOTAL,50857
2016-02-20,TX_FOODS,8130
2016-02-20,TX_HOBBIES,1196
2016-02-20,TX_HOUSEHOLD,3956
2016-02-20,WI_FOODS,11073
2016-02-20,WI_HOBBIES,1306
2016-02-20,WI_HOUSEHOLD,3848
2016-02-21,CA_FOODS,14645
2016-02-21,CA_HOBBIES,2109
2016-02-21,CA_HOUSEHOLD,5784
2016-02-21,TOTAL,52081
2016-02-21,TX_FOODS,9068
2016-02-21,TX_HOBBIES,1425
2016-02-21,TX_HOUSEHOLD,4170
2016-02-21,WI_FOODS,10483
2016-02-21,WI_HOBBIES,994
2016-02-21,WI_HOUSEHOLD,3403
2016-02-22,CA_FOODS,10469
2016-02-22,CA_HOBBIES,1841
2016-02-22,CA_HOUSEHOLD,3959
2016-02-22,TOTAL,37328
2016-02-22,TX_FOODS,6438
2016-02-22,TX_HOBBIES,1073
2016-02-22,TX_HOUSEHOLD,2904
2016-02-22,WI_FOODS,7291
2016-02-22,WI_HOBBIES,779
2016-02-22,WI_HOUSEHOLD,2574
2016-02-23,CA_FOODS,9496
2016-02-23,CA_HOBBIES,1581
2016-02-23,CA_HOUSEHOLD,3539
2016-02-23,TOTAL,33981
2016-02-23,TX_FOODS,5880
2016-02-23,TX_HOBBIES,874
2016-02-23,TX_HOUSEHOLD,2705
2016-02-23,WI_FOODS,6757
2016-02-23,WI_HOBBIES,840
2016-02-23,WI_HOUSEHOLD,2309
2016-02-24,CA_FOODS,8843
2016-02-24,CA_HOBBIES,1660
2016-02-24,CA_HOUSEHOLD,3440
2016-02-24,TOTAL,34068
2016-02-24,TX_FOODS,6103
2016-02-24,TX_HOBBIES,899
2016-02-24,TX_HOUSEHOLD,2840
2016-02-24,WI_FOODS,7015
2016-02-24,WI_HOBBIES,745
2016-02-24,WI_HOUSEHOLD,2523
2016-02-25,CA_FOODS,9344
2016-02-25,CA_HOBBIES,1607
2016-02-25,CA_HOUSEHOLD,3566
2016-02-25,TOTAL,34615
2016-02-25,TX_FOODS,5943
2016-02-25,TX_HOBBIES,881
2016-02-25,TX_HOUSEHOLD,2668
2016-02-25,WI_FOODS,7119
2016-02-25,WI_HOBBIES,826
2016-02-25,WI_HOUSEHOLD,2661
2016-02-26,CA_FOODS,10687
2016-02-26,CA_HOBBIES,1893
2016-02-26,CA_HOUSEHOLD,3766
2016-02-26,TOTAL,37649
2016-02-26,TX_FOODS,6087
2016-02-26,TX_HOBBIES,1087
2016-02-26,TX_HOUSEHOLD,2723
2016-02-26,WI_FOODS,7434
2016-02-26,WI_HOBBIES,977
2016-02-26,WI_HOUSEHOLD,2995
2016-02-27,CA_FOODS,13948
2016-02-27,CA_HOBBIES,2118
2016-02-27,CA_HOUSEHOLD,5480
2016-02-27,TOTAL,47887
2016-02-27,TX_FOODS,7250
2016-02-27,TX_HOBBIES,1032
2016-02-27,TX_HOUSEHOLD,3293
2016-02-27,WI_FOODS,9869
2016-02-27,WI_HOBBIES,1239
2016-02-27,WI_HOUSEHOLD,3658
2016-02-28,CA_FOODS,14776
2016-02-28,CA_HOBBIES,2516
2016-02-28,CA_HOUSEHOLD,5865
2016-02-28,TOTAL,50915
2016-02-28,TX_FOODS,8215
2016-02-28,TX_HOBBIES,1222
2016-02-28,TX_HOUSEHOLD,3939
2016-02-28,WI_FOODS,9843
2016-02-28,WI_HOBBIES,1146
2016-02-28,WI_HOUSEHOLD,3393
2016-02-29,CA_FOODS,10503
2016-02-29,CA_HOBBIES,1558
2016-02-29,CA_HOUSEHOLD,4171
2016-02-29,TOTAL,37259
2016-02-29,TX_FOODS,6075
2016-02-29,TX_HOBBIES,946
2016-02-29,TX_HOUSEHOLD,2942
2016-02-29,WI_FOODS,7509
2016-02-29,WI_HOBBIES,945
2016-02-29,WI_HOUSEHOLD,2610
2016-03-01,CA_FOODS,10468
2016-03-01,CA_HOBBIES,1748
2016-03-01,CA_HOUSEHOLD,4081
2016-03-01,TOTAL,36536
2016-03-01,TX_FOODS,6788
2016-03-01,TX_HOBBIES,1107
2016-03-01,TX_HOUSEHOLD,2947
2016-03-01,WI_FOODS,6202
2016-03-01,WI_HOBBIES,658
2016-03-01,WI_HOUSEHOLD,2537
2016-03-02,CA_FOODS,9776
2016-03-02,CA_HOBBIES,1878
2016-03-02,CA_HOUSEHOLD,3761
2016-03-02,TOTAL,38458
2016-03-02,TX_FOODS,6306
2016-03-02,TX_HOBBIES,934
2016-03-02,TX_HOUSEHOLD,2662
2016-03-02,WI_FOODS,9068
2016-03-02,WI_HOBBIES,1001
2016-03-02,WI_HOUSEHOLD,3072
2016-03-03,CA_FOODS,9839
2016-03-03,CA_HOBBIES,1812
2016-03-03,CA_HOUSEHOLD,3970
2016-03-03,TOTAL,41459
2016-03-03,TX_FOODS,7258
2016-03-03,TX_HOBBIES,1003
2016-03-03,TX_HOUSEHOLD,3135
2016-03-03,WI_FOODS,10144
2016-03-03,WI_HOBBIES,1045
2016-03-03,WI_HOUSEHOLD,3253
2016-03-04,CA_FOODS,10400
2016-03-04,CA_HOBBIES,1863
2016-03-04,CA_HOUSEHOLD,3832
2016-03-04,TOTAL,39325
2016-03-04,TX_FOODS,6495
2016-03-04,TX_HOBBIES,947
2016-03-04,TX_HOUSEHOLD,2716
2016-03-04,WI_FOODS,8983
2016-03-04,WI_HOBBIES,893
2016-03-04,WI_HOUSEHOLD,3196
2016-03-05,CA_FOODS,14206
2016-03-05,CA_HOBBIES,2296
2016-03-05,CA_HOUSEHOLD,5520
2016-03-05,TOTAL,52322
2016-03-05,TX_FOODS,7990
2016-03-05,TX_HOBBIES,1034
2016-03-05,TX_HOUSEHOLD,3471
2016-03-05,WI_FOODS,13004
2016-03-05,WI_HOBBIES,1306
2016-03-05,WI_HOUSEHOLD,3495
2016-03-06,CA_FOODS,16218
2016-03-06,CA_HOBBIES,2559
2016-03-06,CA_HOUSEHOLD,6447
2016-03-06,TOTAL,57218
2016-03-06,TX_FOODS,9051
2016-03-06,TX_HOBBIES,1243
2016-03-06,TX_HOUSEHOLD,3861
2016-03-06,WI_FOODS,13278
2016-03-06,WI_HOBBIES,1077
2016-03-06,WI_HOUSEHOLD,3484
2016-03-07,CA_FOODS,11543
2016-03-07,CA_HOBBIES,1692
2016-03-07,CA_HOUSEHOLD,3913
2016-03-07,TOTAL,40562
2016-03-07,TX_FOODS,7820
2016-03-07,TX_HOBBIES,901
2016-03-07,TX_HOUSEHOLD,2882
2016-03-07,WI_FOODS,8615
2016-03-07,WI_HOBBIES,763
2016-03-07,WI_HOUSEHOLD,2433
2016-03-08,CA_FOODS,10878
2016-03-08,CA_HOBBIES,1661
2016-03-08,CA_HOUSEHOLD,3544
2016-03-08,TOTAL,37727
2016-03-08,TX_FOODS,6409
2016-03-08,TX_HOBBIES,884
2016-03-08,TX_HOUSEHOLD,2493
2016-03-08,WI_FOODS,8989
2016-03-08,WI_HOBBIES,695
2016-03-08,WI_HOUSEHOLD,2174
2016-03-09,CA_FOODS,10480
2016-03-09,CA_HOBBIES,1590
2016-03-09,CA_HOUSEHOLD,3474
2016-03-09,TOTAL,37032
2016-03-09,TX_FOODS,5914
2016-03-09,TX_HOBBIES,791
2016-03-09,TX_HOUSEHOLD,2386
2016-03-09,WI_FOODS,9207
2016-03-09,WI_HOBBIES,822
2016-03-09,WI_HOUSEHOLD,2368
2016-03-10,CA_FOODS,10475
2016-03-10,CA_HOBBIES,1849
2016-03-10,CA_HOUSEHOLD,3511
2016-03-10,TOTAL,38267
2016-03-10,TX_FOODS,6726
2016-03-10,TX_HOBBIES,941
2016-03-10,TX_HOUSEHOLD,2981
2016-03-10,WI_FOODS,8290
2016-03-10,WI_HOBBIES,997
2016-03-10,WI_HOUSEHOLD,2497
2016-03-11,CA_FOODS,10855
2016-03-11,CA_HOBBIES,1580
2016-03-11,CA_HOUSEHOLD,3840
2016-03-11,TOTAL,40887
2016-03-11,TX_FOODS,7367
2016-03-11,TX_HOBBIES,763
2016-03-11,TX_HOUSEHOLD,2936
2016-03-11,WI_FOODS,9675
2016-03-11,WI_HOBBIES,990
2016-03-11,WI_HOUSEHOLD,2881
2016-03-12,CA_FOODS,14113
2016-03-12,CA_HOBBIES,2474
2016-03-12,CA_HOUSEHOLD,5928
2016-03-12,TOTAL,52711
2016-03-12,TX_FOODS,8332
2016-03-12,TX_HOBBIES,1084
2016-03-12,TX_HOUSEHOLD,3697
2016-03-12,WI_FOODS,12289
2016-03-12,WI_HOBBIES,1252
2016-03-12,WI_HOUSEHOLD,3542
2016-03-13,CA_FOODS,14188
2016-03-13,CA_HOBBIES,2059
2016-03-13,CA_HOUSEHOLD,5690
2016-03-13,TOTAL,51421
2016-03-13,TX_FOODS,8908
2016-03-13,TX_HOBBIES,1059
2016-03-13,TX_HOUSEHOLD,3499
2016-03-13,WI_FOODS,11614
2016-03-13,WI_HOBBIES,1111
2016-03-13,WI_HOUSEHOLD,3293
2016-03-14,CA_FOODS,11056
2016-03-14,CA_HOBBIES,1734
2016-03-14,CA_HOUSEHOLD,4068
2016-03-14,TOTAL,42035
2016-03-14,TX_FOODS,7788
2016-03-14,TX_HOBBIES,1058
2016-03-14,TX_HOUSEHOLD,3036
2016-03-14,WI_FOODS,10242
2016-03-14,WI_HOBBIES,801
2016-03-14,WI_HOUSEHOLD,2252
2016-03-15,CA_FOODS,9735
2016-03-15,CA_HOBBIES,1675
2016-03-15,CA_HOUSEHOLD,3641
2016-03-15,TOTAL,40117
2016-03-15,TX_FOODS,7665
2016-03-15,TX_HOBBIES,1049
2016-03-15,TX_HOUSEHOLD,2945
2016-03-15,WI_FOODS,10303
2016-03-15,WI_HOBBIES,828
2016-03-15,WI_HOUSEHOLD,2276
2016-03-16,CA_FOODS,9454
2016-03-16,CA_HOBBIES,1838
2016-03-16,CA_HOUSEHOLD,3515
2016-03-16,TOTAL,36606
2016-03-16,TX_FOODS,6761
2016-03-16,TX_HOBBIES,949
2016-03-16,TX_HOUSEHOLD,2768
2016-03-16,WI_FOODS,8390
2016-03-16,WI_HOBBIES,834
2016-03-16,WI_HOUSEHOLD,2097
2016-03-17,CA_FOODS,9288
2016-03-17,CA_HOBBIES,1541
2016-03-17,CA_HOUSEHOLD,3367
2016-03-17,TOTAL,35009
2016-03-17,TX_FOODS,6479
2016-03-17,TX_HOBBIES,989
2016-03-17,TX_HOUSEHOLD,2702
2016-03-17,WI_FOODS,7735
2016-03-17,WI_HOBBIES,688
2016-03-17,WI_HOUSEHOLD,2220
2016-03-18,CA_FOODS,10680
2016-03-18,CA_HOBBIES,1975
2016-03-18,CA_HOUSEHOLD,4009
2016-03-18,TOTAL,39652
2016-03-18,TX_FOODS,7021
2016-03-18,TX_HOBBIES,899
2016-03-18,TX_HOUSEHOLD,2836
2016-03-18,WI_FOODS,8754
2016-03-18,WI_HOBBIES,920
2016-03-18,WI_HOUSEHOLD,2558
2016-03-19,CA_FOODS,12094
2016-03-19,CA_HOBBIES,2063
2016-03-19,CA_HOUSEHOLD,4743
2016-03-19,TOTAL,46181
2016-03-19,TX_FOODS,7389
2016-03-19,TX_HOBBIES,1325
2016-03-19,TX_HOUSEHOLD,3496
2016-03-19,WI_FOODS,10516
2016-03-19,WI_HOBBIES,1347
2016-03-19,WI_HOUSEHOLD,3208
2016-03-20,CA_FOODS,12489
2016-03-20,CA_HOBBIES,1812
2016-03-20,CA_HOUSEHOLD,5120
2016-03-20,TOTAL,47825
2016-03-20,TX_FOODS,8482
2016-03-20,TX_HOBBIES,1167
2016-03-20,TX_HOUSEHOLD,3779
2016-03-20,WI_FOODS,10787
2016-03-20,WI_HOBBIES,1027
2016-03-20,WI_HOUSEHOLD,3162
2016-03-21,CA_FOODS,10714
2016-03-21,CA_HOBBIES,1713
2016-03-21,CA_HOUSEHOLD,4114
2016-03-21,TOTAL,37360
2016-03-21,TX_FOODS,6473
2016-03-21,TX_HOBBIES,826
2016-03-21,TX_HOUSEHOLD,2674
2016-03-21,WI_FOODS,7723
2016-03-21,WI_HOBBIES,803
2016-03-21,WI_HOUSEHOLD,2320
2016-03-22,CA_FOODS,10475
2016-03-22,CA_HOBBIES,1558
2016-03-22,CA_HOUSEHOLD,3548
2016-03-22,TOTAL,35475
2016-03-22,TX_FOODS,6401
2016-03-22,TX_HOBBIES,887
2016-03-22,TX_HOUSEHOLD,2538
2016-03-22,WI_FOODS,7366
2016-03-22,WI_HOBBIES,695
2016-03-22,WI_HOUSEHOLD,2007
2016-03-23,CA_FOODS,9995
2016-03-23,CA_HOBBIES,1664
2016-03-23,CA_HOUSEHOLD,3482
2016-03-23,TOTAL,34786
2016-03-23,TX_FOODS,6438
2016-03-23,TX_HOBBIES,1107
2016-03-23,TX_HOUSEHOLD,2796
2016-03-23,WI_FOODS,6829
2016-03-23,WI_HOBBIES,651
2016-03-23,WI_HOUSEHOLD,1824
2016-03-24,CA_FOODS,10026
2016-03-24,CA_HOBBIES,1649
2016-03-24,CA_HOUSEHOLD,3553
2016-03-24,TOTAL,34003
2016-03-24,TX_FOODS,6005
2016-03-24,TX_HOBBIES,913
2016-03-24,TX_HOUSEHOLD,2387
2016-03-24,WI_FOODS,6843
2016-03-24,WI_HOBBIES,790
2016-03-24,WI_HOUSEHOLD,1837
2016-03-25,CA_FOODS,12619
2016-03-25,CA_HOBBIES,1849
2016-03-25,CA_HOUSEHOLD,4226
2016-03-25,TOTAL,45611
2016-03-25,TX_FOODS,8310
2016-03-25,TX_HOBBIES,1036
2016-03-25,TX_HOUSEHOLD,2889
2016-03-25,WI_FOODS,9977
2016-03-25,WI_HOBBIES,1345
2016-03-25,WI_HOUSEHOLD,3360
2016-03-26,CA_FOODS,16338
2016-03-26,CA_HOBBIES,2038
2016-03-26,CA_HOUSEHOLD,5411
2016-03-26,TOTAL,53863
2016-03-26,TX_FOODS,9088
2016-03-26,TX_HOBBIES,1184
2016-03-26,TX_HOUSEHOLD,3323
2016-03-26,WI_FOODS,11709
2016-03-26,WI_HOBBIES,1254
2016-03-26,WI_HOUSEHOLD,3518
2016-03-27,CA_FOODS,14196
2016-03-27,CA_HOBBIES,1820
2016-03-27,CA_HOUSEHOLD,5280
2016-03-27,TOTAL,46360
2016-03-27,TX_FOODS,9325
2016-03-27,TX_HOBBIES,1107
2016-03-27,TX_HOUSEHOLD,2904
2016-03-27,WI_FOODS,8715
2016-03-27,WI_HOBBIES,716
2016-03-27,WI_HOUSEHOLD,2297
2016-03-28,CA_FOODS,9821
2016-03-28,CA_HOBBIES,1754
2016-03-28,CA_HOUSEHOLD,3907
2016-03-28,TOTAL,36041
2016-03-28,TX_FOODS,6585
2016-03-28,TX_HOBBIES,920
2016-03-28,TX_HOUSEHOLD,2798
2016-03-28,WI_FOODS,6879
2016-03-28,WI_HOBBIES,881
2016-03-28,WI_HOUSEHOLD,2496
2016-03-29,CA_FOODS,9845
2016-03-29,CA_HOBBIES,1821
2016-03-29,CA_HOUSEHOLD,3653
2016-03-29,TOTAL,33857
2016-03-29,TX_FOODS,5211
2016-03-29,TX_HOBBIES,829
2016-03-29,TX_HOUSEHOLD,2282
2016-03-29,WI_FOODS,7135
2016-03-29,WI_HOBBIES,796
2016-03-29,WI_HOUSEHOLD,2285
2016-03-30,CA_FOODS,9165
2016-03-30,CA_HOBBIES,1666
2016-03-30,CA_HOUSEHOLD,3521
2016-03-30,TOTAL,32359
2016-03-30,TX_FOODS,5434
2016-03-30,TX_HOBBIES,950
2016-03-30,TX_HOUSEHOLD,2444
2016-03-30,WI_FOODS,6418
2016-03-30,WI_HOBBIES,717
2016-03-30,WI_HOUSEHOLD,2044
2016-03-31,CA_FOODS,9941
2016-03-31,CA_HOBBIES,1614
2016-03-31,CA_HOUSEHOLD,4046
2016-03-31,TOTAL,34681
2016-03-31,TX_FOODS,5731
2016-03-31,TX_HOBBIES,878
2016-03-31,TX_HOUSEHOLD,2697
2016-03-31,WI_FOODS,6455
2016-03-31,WI_HOBBIES,929
2016-03-31,WI_HOUSEHOLD,2390
2016-04-01,CA_FOODS,11891
2016-04-01,CA_HOBBIES,2297
2016-04-01,CA_HOUSEHOLD,4734
2016-04-01,TOTAL,45536
2016-04-01,TX_FOODS,7513
2016-04-01,TX_HOBBIES,1185
2016-04-01,TX_HOUSEHOLD,3154
2016-04-01,WI_FOODS,9223
2016-04-01,WI_HOBBIES,1308
2016-04-01,WI_HOUSEHOLD,4231
2016-04-02,CA_FOODS,14075
2016-04-02,CA_HOBBIES,2176
2016-04-02,CA_HOUSEHOLD,5920
2016-04-02,TOTAL,52672
2016-04-02,TX_FOODS,7997
2016-04-02,TX_HOBBIES,1423
2016-04-02,TX_HOUSEHOLD,3675
2016-04-02,WI_FOODS,12212
2016-04-02,WI_HOBBIES,1264
2016-04-02,WI_HOUSEHOLD,3930
2016-04-03,CA_FOODS,15621
2016-04-03,CA_HOBBIES,2451
2016-04-03,CA_HOUSEHOLD,6505
2016-04-03,TOTAL,56425
2016-04-03,TX_FOODS,9126
2016-04-03,TX_HOBBIES,1284
2016-04-03,TX_HOUSEHOLD,3641
2016-04-03,WI_FOODS,12886
2016-04-03,WI_HOBBIES,1168
2016-04-03,WI_HOUSEHOLD,3743
2016-04-04,CA_FOODS,11972
2016-04-04,CA_HOBBIES,1703
2016-04-04,CA_HOUSEHOLD,4518
2016-04-04,TOTAL,40418
2016-04-04,TX_FOODS,6683
2016-04-04,TX_HOBBIES,999
2016-04-04,TX_HOUSEHOLD,2815
2016-04-04,WI_FOODS,8370
2016-04-04,WI_HOBBIES,959
2016-04-04,WI_HOUSEHOLD,2399
2016-04-05,CA_FOODS,10801
2016-04-05,CA_HOBBIES,1786
2016-04-05,CA_HOUSEHOLD,3809
2016-04-05,TOTAL,39683
2016-04-05,TX_FOODS,6848
2016-04-05,TX_HOBBIES,875
2016-04-05,TX_HOUSEHOLD,2743
2016-04-05,WI_FOODS,9594
2016-04-05,WI_HOBBIES,816
2016-04-05,WI_HOUSEHOLD,2411
2016-04-06,CA_FOODS,10592
2016-04-06,CA_HOBBIES,1659
2016-04-06,CA_HOUSEHOLD,3556
2016-04-06,TOTAL,39134
2016-04-06,TX_FOODS,6789
2016-04-06,TX_HOBBIES,998
2016-04-06,TX_HOUSEHOLD,2551
2016-04-06,WI_FOODS,9857
2016-04-06,WI_HOBBIES,722
2016-04-06,WI_HOUSEHOLD,2410
2016-04-07,CA_FOODS,10154
2016-04-07,CA_HOBBIES,1580
2016-04-07,CA_HOUSEHOLD,3725
2016-04-07,TOTAL,38116
2016-04-07,TX_FOODS,6924
2016-04-07,TX_HOBBIES,998
2016-04-07,TX_HOUSEHOLD,2678
2016-04-07,WI_FOODS,8577
2016-04-07,WI_HOBBIES,865
2016-04-07,WI_HOUSEHOLD,2615
2016-04-08,CA_FOODS,11571
2016-04-08,CA_HOBBIES,1837
2016-04-08,CA_HOUSEHOLD,4306
2016-04-08,TOTAL,43220
2016-04-08,TX_FOODS,6924
2016-04-08,TX_HOBBIES,1080
2016-04-08,TX_HOUSEHOLD,2762
2016-04-08,WI_FOODS,10954
2016-04-08,WI_HOBBIES,1149
2016-04-08,WI_HOUSEHOLD,2637
2016-04-09,CA_FOODS,15192
2016-04-09,CA_HOBBIES,2152
2016-04-09,CA_HOUSEHOLD,5967
2016-04-09,TOTAL,56340
2016-04-09,TX_FOODS,8780
2016-04-09,TX_HOBBIES,1145
2016-04-09,TX_HOUSEHOLD,3435
2016-04-09,WI_FOODS,14362
2016-04-09,WI_HOBBIES,1442
2016-04-09,WI_HOUSEHOLD,3865
2016-04-10,CA_FOODS,15775
2016-04-10,CA_HOBBIES,2151
2016-04-10,CA_HOUSEHOLD,6137
2016-04-10,TOTAL,53856
2016-04-10,TX_FOODS,9014
2016-04-10,TX_HOBBIES,1302
2016-04-10,TX_HOUSEHOLD,3502
2016-04-10,WI_FOODS,11657
2016-04-10,WI_HOBBIES,1072
2016-04-10,WI_HOUSEHOLD,3246
2016-04-11,CA_FOODS,11393
2016-04-11,CA_HOBBIES,1791
2016-04-11,CA_HOUSEHOLD,4306
2016-04-11,TOTAL,42427
2016-04-11,TX_FOODS,7238
2016-04-11,TX_HOBBIES,1125
2016-04-11,TX_HOUSEHOLD,2811
2016-04-11,WI_FOODS,10460
2016-04-11,WI_HOBBIES,800
2016-04-11,WI_HOUSEHOLD,2503
2016-04-12,CA_FOODS,10086
2016-04-12,CA_HOBBIES,1479
2016-04-12,CA_HOUSEHOLD,3627
2016-04-12,TOTAL,39069
2016-04-12,TX_FOODS,6954
2016-04-12,TX_HOBBIES,1045
2016-04-12,TX_HOUSEHOLD,2419
2016-04-12,WI_FOODS,10384
2016-04-12,WI_HOBBIES,860
2016-04-12,WI_HOUSEHOLD,2215
2016-04-13,CA_FOODS,9423
2016-04-13,CA_HOBBIES,1580
2016-04-13,CA_HOUSEHOLD,3611
2016-04-13,TOTAL,35193
2016-04-13,TX_FOODS,6446
2016-04-13,TX_HOBBIES,1016
2016-04-13,TX_HOUSEHOLD,2232
2016-04-13,WI_FOODS,8019
2016-04-13,WI_HOBBIES,961
2016-04-13,WI_HOUSEHOLD,1905
2016-04-14,CA_FOODS,9506
2016-04-14,CA_HOBBIES,1866
2016-04-14,CA_HOUSEHOLD,3697
2016-04-14,TOTAL,37529
2016-04-14,TX_FOODS,6615
2016-04-14,TX_HOBBIES,1055
2016-04-14,TX_HOUSEHOLD,2622
2016-04-14,WI_FOODS,9335
2016-04-14,WI_HOBBIES,865
2016-04-14,WI_HOUSEHOLD,1968
2016-04-15,CA_FOODS,10732
2016-04-15,CA_HOBBIES,1658
2016-04-15,CA_HOUSEHOLD,3865
2016-04-15,TOTAL,41789
2016-04-15,TX_FOODS,6994
2016-04-15,TX_HOBBIES,1107
2016-04-15,TX_HOUSEHOLD,2699
2016-04-15,WI_FOODS,10956
2016-04-15,WI_HOBBIES,1021
2016-04-15,WI_HOUSEHOLD,2757
2016-04-16,CA_FOODS,13094
2016-04-16,CA_HOBBIES,2176
2016-04-16,CA_HOUSEHOLD,5294
2016-04-16,TOTAL,48362
2016-04-16,TX_FOODS,7944
2016-04-16,TX_HOBBIES,1124
2016-04-16,TX_HOUSEHOLD,3392
2016-04-16,WI_FOODS,10969
2016-04-16,WI_HOBBIES,1334
2016-04-16,WI_HOUSEHOLD,3035
2016-04-17,CA_FOODS,14855
2016-04-17,CA_HOBBIES,2330
2016-04-17,CA_HOUSEHOLD,5847
2016-04-17,TOTAL,51640
2016-04-17,TX_FOODS,8717
2016-04-17,TX_HOBBIES,1461
2016-04-17,TX_HOUSEHOLD,3531
2016-04-17,WI_FOODS,10925
2016-04-17,WI_HOBBIES,1029
2016-04-17,WI_HOUSEHOLD,2945
2016-04-18,CA_FOODS,11217
2016-04-18,CA_HOBBIES,1706
2016-04-18,CA_HOUSEHOLD,4129
2016-04-18,TOTAL,38059
2016-04-18,TX_FOODS,6834
2016-04-18,TX_HOBBIES,830
2016-04-18,TX_HOUSEHOLD,2204
2016-04-18,WI_FOODS,8100
2016-04-18,WI_HOBBIES,787
2016-04-18,WI_HOUSEHOLD,2252
2016-04-19,CA_FOODS,10088
2016-04-19,CA_HOBBIES,1849
2016-04-19,CA_HOUSEHOLD,3847
2016-04-19,TOTAL,37570
2016-04-19,TX_FOODS,7066
2016-04-19,TX_HOBBIES,1025
2016-04-19,TX_HOUSEHOLD,2831
2016-04-19,WI_FOODS,7794
2016-04-19,WI_HOBBIES,913
2016-04-19,WI_HOUSEHOLD,2157
2016-04-20,CA_FOODS,9863
2016-04-20,CA_HOBBIES,1646
2016-04-20,CA_HOUSEHOLD,3639
2016-04-20,TOTAL,35343
2016-04-20,TX_FOODS,6242
2016-04-20,TX_HOBBIES,980
2016-04-20,TX_HOUSEHOLD,2378
2016-04-20,WI_FOODS,7527
2016-04-20,WI_HOBBIES,846
2016-04-20,WI_HOUSEHOLD,2222
2016-04-21,CA_FOODS,9479
2016-04-21,CA_HOBBIES,1590
2016-04-21,CA_HOUSEHOLD,3419
2016-04-21,TOTAL,35033
2016-04-21,TX_FOODS,6167
2016-04-21,TX_HOBBIES,882
2016-04-21,TX_HOUSEHOLD,2553
2016-04-21,WI_FOODS,7671
2016-04-21,WI_HOBBIES,881
2016-04-21,WI_HOUSEHOLD,2391
2016-04-22,CA_FOODS,10991
2016-04-22,CA_HOBBIES,2015
2016-04-22,CA_HOUSEHOLD,4089
2016-04-22,TOTAL,40517
2016-04-22,TX_FOODS,6839
2016-04-22,TX_HOBBIES,1056
2016-04-22,TX_HOUSEHOLD,2720
2016-04-22,WI_FOODS,8874
2016-04-22,WI_HOBBIES,1014
2016-04-22,WI_HOUSEHOLD,2919
2016-04-23,CA_FOODS,13845
2016-04-23,CA_HOBBIES,2367
2016-04-23,CA_HOUSEHOLD,5622
2016-04-23,TOTAL,48962
2016-04-23,TX_FOODS,7849
2016-04-23,TX_HOBBIES,1222
2016-04-23,TX_HOUSEHOLD,3195
2016-04-23,WI_FOODS,10233
2016-04-23,WI_HOBBIES,1198
2016-04-23,WI_HOUSEHOLD,3431
2016-04-24,CA_FOODS,14806
2016-04-24,CA_HOBBIES,2357
2016-04-24,CA_HOUSEHOLD,6024
2016-04-24,TOTAL,49795
2016-04-24,TX_FOODS,7765
2016-04-24,TX_HOBBIES,1266
2016-04-24,TX_HOUSEHOLD,3251
2016-04-24,WI_FOODS,10083
2016-04-24,WI_HOBBIES,1060
2016-04-24,WI_HOUSEHOLD,3183
2016-04-25,CA_FOODS,11494
2016-04-25,CA_HOBBIES,1916
2016-04-25,CA_HOUSEHOLD,4114
2016-04-25,TOTAL,38793
2016-04-25,TX_FOODS,6954
2016-04-25,TX_HOBBIES,982
2016-04-25,TX_HOUSEHOLD,2726
2016-04-25,WI_FOODS,7505
2016-04-25,WI_HOBBIES,884
2016-04-25,WI_HOUSEHOLD,2218
2016-04-26,CA_FOODS,9698
2016-04-26,CA_HOBBIES,1686
2016-04-26,CA_HOUSEHOLD,3628
2016-04-26,TOTAL,35487
2016-04-26,TX_FOODS,6481
2016-04-26,TX_HOBBIES,1007
2016-04-26,TX_HOUSEHOLD,2445
2016-04-26,WI_FOODS,7340
2016-04-26,WI_HOBBIES,952
2016-04-26,WI_HOUSEHOLD,2250
2016-04-27,CA_FOODS,9541
2016-04-27,CA_HOBBIES,1733
2016-04-27,CA_HOUSEHOLD,3562
2016-04-27,TOTAL,34445
2016-04-27,TX_FOODS,6353
2016-04-27,TX_HOBBIES,994
2016-04-27,TX_HOUSEHOLD,2228
2016-04-27,WI_FOODS,6978
2016-04-27,WI_HOBBIES,1003
2016-04-27,WI_HOUSEHOLD,2053
2016-04-28,CA_FOODS,9485
2016-04-28,CA_HOBBIES,1730
2016-04-28,CA_HOUSEHOLD,3449
2016-04-28,TOTAL,34732
2016-04-28,TX_FOODS,6078
2016-04-28,TX_HOBBIES,1089
2016-04-28,TX_HOUSEHOLD,2488
2016-04-28,WI_FOODS,7352
2016-04-28,WI_HOBBIES,923
2016-04-28,WI_HOUSEHOLD,2138
2016-04-29,CA_FOODS,11114
2016-04-29,CA_HOBBIES,1866
2016-04-29,CA_HOUSEHOLD,4200
2016-04-29,TOTAL,42896
2016-04-29,TX_FOODS,7756
2016-04-29,TX_HOBBIES,1152
2016-04-29,TX_HOUSEHOLD,3254
2016-04-29,WI_FOODS,8798
2016-04-29,WI_HOBBIES,1067
2016-04-29,WI_HOUSEHOLD,3689
2016-04-30,CA_FOODS,14236
2016-04-30,CA_HOBBIES,2457
2016-04-30,CA_HOUSEHOLD,5634
2016-04-30,TOTAL,50429
2016-04-30,TX_FOODS,7951
2016-04-30,TX_HOBBIES,1462
2016-04-30,TX_HOUSEHOLD,3281
2016-04-30,WI_FOODS,10536
2016-04-30,WI_HOBBIES,1295
2016-04-30,WI_HOUSEHOLD,3577
2016-05-01,CA_FOODS,15440
2016-05-01,CA_HOBBIES,2361
2016-05-01,CA_HOUSEHOLD,5888
2016-05-01,TOTAL,53032
2016-05-01,TX_FOODS,9275
2016-05-01,TX_HOBBIES,1314
2016-05-01,TX_HOUSEHOLD,3604
2016-05-01,WI_FOODS,10654
2016-05-01,WI_HOBBIES,1183
2016-05-01,WI_HOUSEHOLD,3313
2016-05-02,CA_FOODS,12450
2016-05-02,CA_HOBBIES,1994
2016-05-02,CA_HOUSEHOLD,4673
2016-05-02,TOTAL,43181
2016-05-02,TX_FOODS,6821
2016-05-02,TX_HOBBIES,1100
2016-05-02,TX_HOUSEHOLD,2798
2016-05-02,WI_FOODS,9871
2016-05-02,WI_HOBBIES,965
2016-05-02,WI_HOUSEHOLD,2509
2016-05-03,CA_FOODS,11291
2016-05-03,CA_HOBBIES,2253
2016-05-03,CA_HOUSEHOLD,4286
2016-05-03,TOTAL,44314
2016-05-03,TX_FOODS,7678
2016-05-03,TX_HOBBIES,1163
2016-05-03,TX_HOUSEHOLD,3108
2016-05-03,WI_FOODS,10625
2016-05-03,WI_HOBBIES,957
2016-05-03,WI_HOUSEHOLD,2953
2016-05-04,CA_FOODS,11675
2016-05-04,CA_HOBBIES,1812
2016-05-04,CA_HOUSEHOLD,3779
2016-05-04,TOTAL,39601
2016-05-04,TX_FOODS,6395
2016-05-04,TX_HOBBIES,972
2016-05-04,TX_HOUSEHOLD,2542
2016-05-04,WI_FOODS,9129
2016-05-04,WI_HOBBIES,924
2016-05-04,WI_HOUSEHOLD,2373
2016-05-05,CA_FOODS,10642
2016-05-05,CA_HOBBIES,1802
2016-05-05,CA_HOUSEHOLD,3753
2016-05-05,TOTAL,40763
2016-05-05,TX_FOODS,7257
2016-05-05,TX_HOBBIES,1036
2016-05-05,TX_HOUSEHOLD,2540
2016-05-05,WI_FOODS,10294
2016-05-05,WI_HOBBIES,964
2016-05-05,WI_HOUSEHOLD,2475
2016-05-06,CA_FOODS,11617
2016-05-06,CA_HOBBIES,1855
2016-05-06,CA_HOUSEHOLD,4166
2016-05-06,TOTAL,43805
2016-05-06,TX_FOODS,8008
2016-05-06,TX_HOBBIES,1080
2016-05-06,TX_HOUSEHOLD,2685
2016-05-06,WI_FOODS,10782
2016-05-06,WI_HOBBIES,944
2016-05-06,WI_HOUSEHOLD,2668
2016-05-07,CA_FOODS,14924
2016-05-07,CA_HOBBIES,2331
2016-05-07,CA_HOUSEHOLD,5864
2016-05-07,TOTAL,54239
2016-05-07,TX_FOODS,9224
2016-05-07,TX_HOBBIES,1231
2016-05-07,TX_HOUSEHOLD,3213
2016-05-07,WI_FOODS,12604
2016-05-07,WI_HOBBIES,1441
2016-05-07,WI_HOUSEHOLD,3407
2016-05-08,CA_FOODS,13239
2016-05-08,CA_HOBBIES,1990
2016-05-08,CA_HOUSEHOLD,4731
2016-05-08,TOTAL,45609
2016-05-08,TX_FOODS,7562
2016-05-08,TX_HOBBIES,1093
2016-05-08,TX_HOUSEHOLD,2730
2016-05-08,WI_FOODS,11034
2016-05-08,WI_HOBBIES,979
2016-05-08,WI_HOUSEHOLD,2251
2016-05-09,CA_FOODS,12651
2016-05-09,CA_HOBBIES,1972
2016-05-09,CA_HOUSEHOLD,4293
2016-05-09,TOTAL,46400
2016-05-09,TX_FOODS,8175
2016-05-09,TX_HOBBIES,1095
2016-05-09,TX_HOUSEHOLD,2765
2016-05-09,WI_FOODS,12080
2016-05-09,WI_HOBBIES,828
2016-05-09,WI_HOUSEHOLD,2541
2016-05-10,CA_FOODS,11270
2016-05-10,CA_HOBBIES,1818
2016-05-10,CA_HOUSEHOLD,3883
2016-05-10,TOTAL,39379
2016-05-10,TX_FOODS,7038
2016-05-10,TX_HOBBIES,1019
2016-05-10,TX_HOUSEHOLD,2523
2016-05-10,WI_FOODS,9023
2016-05-10,WI_HOBBIES,751
2016-05-10,WI_HOUSEHOLD,2054
2016-05-11,CA_FOODS,10500
2016-05-11,CA_HOBBIES,1774
2016-05-11,CA_HOUSEHOLD,3917
2016-05-11,TOTAL,42248
2016-05-11,TX_FOODS,7662
2016-05-11,TX_HOBBIES,1096
2016-05-11,TX_HOUSEHOLD,2556
2016-05-11,WI_FOODS,11141
2016-05-11,WI_HOBBIES,947
2016-05-11,WI_HOUSEHOLD,2655
2016-05-12,CA_FOODS,9953
2016-05-12,CA_HOBBIES,1750
2016-05-12,CA_HOUSEHOLD,3795
2016-05-12,TOTAL,40503
2016-05-12,TX_FOODS,7843
2016-05-12,TX_HOBBIES,1079
2016-05-12,TX_HOUSEHOLD,2569
2016-05-12,WI_FOODS,10346
2016-05-12,WI_HOBBIES,877
2016-05-12,WI_HOUSEHOLD,2291
2016-05-13,CA_FOODS,12151
2016-05-13,CA_HOBBIES,1831
2016-05-13,CA_HOUSEHOLD,4489
2016-05-13,TOTAL,44073
2016-05-13,TX_FOODS,8369
2016-05-13,TX_HOBBIES,1028
2016-05-13,TX_HOUSEHOLD,2923
2016-05-13,WI_FOODS,9587
2016-05-13,WI_HOBBIES,1012
2016-05-13,WI_HOUSEHOLD,2683
2016-05-14,CA_FOODS,14447
2016-05-14,CA_HOBBIES,2638
2016-05-14,CA_HOUSEHOLD,5952
2016-05-14,TOTAL,54308
2016-05-14,TX_FOODS,8095
2016-05-14,TX_HOBBIES,933
2016-05-14,TX_HOUSEHOLD,3338
2016-05-14,WI_FOODS,14034
2016-05-14,WI_HOBBIES,1322
2016-05-14,WI_HOUSEHOLD,3549
2016-05-15,CA_FOODS,16197
2016-05-15,CA_HOBBIES,2401
2016-05-15,CA_HOUSEHOLD,6106
2016-05-15,TOTAL,59921
2016-05-15,TX_FOODS,10663
2016-05-15,TX_HOBBIES,1461
2016-05-15,TX_HOUSEHOLD,4125
2016-05-15,WI_FOODS,14587
2016-05-15,WI_HOBBIES,1154
2016-05-15,WI_HOUSEHOLD,3227
2016-05-16,CA_FOODS,11859
2016-05-16,CA_HOBBIES,1554
2016-05-16,CA_HOUSEHOLD,4308
2016-05-16,TOTAL,42362
2016-05-16,TX_FOODS,7905
2016-05-16,TX_HOBBIES,1205
2016-05-16,TX_HOUSEHOLD,3118
2016-05-16,WI_FOODS,9394
2016-05-16,WI_HOBBIES,769
2016-05-16,WI_HOUSEHOLD,2250
2016-05-17,CA_FOODS,10759
2016-05-17,CA_HOBBIES,1649
2016-05-17,CA_HOUSEHOLD,3742
2016-05-17,TOTAL,38777
2016-05-17,TX_FOODS,7164
2016-05-17,TX_HOBBIES,1199
2016-05-17,TX_HOUSEHOLD,3007
2016-05-17,WI_FOODS,8225
2016-05-17,WI_HOBBIES,781
2016-05-17,WI_HOUSEHOLD,2251
2016-05-18,CA_FOODS,10465
2016-05-18,CA_HOBBIES,1606
2016-05-18,CA_HOUSEHOLD,3607
2016-05-18,TOTAL,37096
2016-05-18,TX_FOODS,6596
2016-05-18,TX_HOBBIES,1056
2016-05-18,TX_HOUSEHOLD,2723
2016-05-18,WI_FOODS,7729
2016-05-18,WI_HOBBIES,1078
2016-05-18,WI_HOUSEHOLD,2236
2016-05-19,CA_FOODS,10650
2016-05-19,CA_HOBBIES,1735
2016-05-19,CA_HOUSEHOLD,3912
2016-05-19,TOTAL,36963
2016-05-19,TX_FOODS,6083
2016-05-19,TX_HOBBIES,830
2016-05-19,TX_HOUSEHOLD,2249
2016-05-19,WI_FOODS,8004
2016-05-19,WI_HOBBIES,910
2016-05-19,WI_HOUSEHOLD,2590
2016-05-20,CA_FOODS,11354
2016-05-20,CA_HOBBIES,1975
2016-05-20,CA_HOUSEHOLD,4101
2016-05-20,TOTAL,42552
2016-05-20,TX_FOODS,7965
2016-05-20,TX_HOBBIES,1132
2016-05-20,TX_HOUSEHOLD,3206
2016-05-20,WI_FOODS,8817
2016-05-20,WI_HOBBIES,1036
2016-05-20,WI_HOUSEHOLD,2966
2016-05-21,CA_FOODS,14489
2016-05-21,CA_HOBBIES,2701
2016-05-21,CA_HOUSEHOLD,5913
2016-05-21,TOTAL,51518
2016-05-21,TX_FOODS,8834
2016-05-21,TX_HOBBIES,1440
2016-05-21,TX_HOUSEHOLD,3407
2016-05-21,WI_FOODS,10276
2016-05-21,WI_HOBBIES,1192
2016-05-21,WI_HOUSEHOLD,3266
2016-05-22,CA_FOODS,15970
2016-05-22,CA_HOBBIES,2514
2016-05-22,CA_HOUSEHOLD,6160
2016-05-22,TOTAL,54338
2016-05-22,TX_FOODS,9500
2016-05-22,TX_HOBBIES,1543
2016-05-22,TX_HOUSEHOLD,3772
2016-05-22,WI_FOODS,10497
2016-05-22,WI_HOBBIES,1223
2016-05-22,WI_HOUSEHOLD,3159
